kernel_order_index,run_instance_name,stage,batch_size,kv_len,total_kv_tokens,tp_size,cuda_graph_mode,cuda_graph_validated,kernel_start_ns,kernel_end_ns,kernel_duration_ns,kernel_duration_ms,device_id,context_id,stream_id,correlation_id,graph_node_id,graph_id,grid_xyz,block_xyz,operator_category,implementation,kernel_name,kernel_short_name
0,20260625_142332_decode_stage1_decode_b16p2048_cg_on_b16_f1_p2048_layers5_backend_auto_cg_on_pcg_off_tp1_marker_on_profile_nsys,decode,16,2048,32768,1,on,True,12040819,12041747,928,0.000928,0,1,7,15,,,"[1, 1, 1]","[64, 1, 1]",torch_misc,torch,"void <unnamed>::elementwise_kernel_with_index<int, at::native::arange_cuda_out(const c10::Scalar &, const c10::Scalar &, const c10::Scalar &, at::Tensor &)::[lambda() (instance 1)]::operator ()() const::[lambda() (instance 4)]::operator ()() const::[lambda(long) (instance 1)]>(T1, T2, function_traits<T2>::result_type *)",elementwise_kernel_with_index
1,20260625_142332_decode_stage1_decode_b16p2048_cg_on_b16_f1_p2048_layers5_backend_auto_cg_on_pcg_off_tp1_marker_on_profile_nsys,decode,16,2048,32768,1,on,True,12576915,12578643,1728,0.001728,0,1,13,48,,,"[1, 1, 1]","[128, 1, 1]",triton_misc,triton,triton_poi_fused_clamp_copy__index_lt_neg_where_0,triton_poi_fused_clamp_copy__index_lt_neg_where_0
2,20260625_142332_decode_stage1_decode_b16p2048_cg_on_b16_f1_p2048_layers5_backend_auto_cg_on_pcg_off_tp1_marker_on_profile_nsys,decode,16,2048,32768,1,on,True,12855251,12856595,1344,0.001344,0,1,13,59,,,"[1, 1, 1]","[32, 1, 1]",triton_misc,triton,triton_poi_fused_clamp_sub_0,triton_poi_fused_clamp_sub_0
3,20260625_142332_decode_stage1_decode_b16p2048_cg_on_b16_f1_p2048_layers5_backend_auto_cg_on_pcg_off_tp1_marker_on_profile_nsys,decode,16,2048,32768,1,on,True,13150867,13152275,1408,0.001408,0,1,13,78,,,"[1, 1, 1]","[128, 1, 1]",torch_misc,torch,"void at::native::unrolled_elementwise_kernel<at::native::direct_copy_kernel_cuda(at::TensorIteratorBase &)::[lambda() (instance 3)]::operator ()() const::[lambda() (instance 3)]::operator ()() const::[lambda(int) (instance 1)], std::array<char *, (unsigned long)2>, (int)4, TrivialOffsetCalculator<(int)1, unsigned int>, TrivialOffsetCalculator<(int)1, unsigned int>, at::native::memory::LoadWithCast<(int)1>, at::native::memory::StoreWithCast<(int)1>>(int, T1, T2, T4, T5, T6, T7)",unrolled_elementwise_kernel
4,20260625_142332_decode_stage1_decode_b16p2048_cg_on_b16_f1_p2048_layers5_backend_auto_cg_on_pcg_off_tp1_marker_on_profile_nsys,decode,16,2048,32768,1,on,True,13173907,13175059,1152,0.001152,0,1,13,91,,,"[1, 1, 1]","[128, 1, 1]",torch_misc,torch,"void at::native::unrolled_elementwise_kernel<at::native::direct_copy_kernel_cuda(at::TensorIteratorBase &)::[lambda() (instance 3)]::operator ()() const::[lambda() (instance 3)]::operator ()() const::[lambda(int) (instance 1)], std::array<char *, (unsigned long)2>, (int)4, TrivialOffsetCalculator<(int)1, unsigned int>, TrivialOffsetCalculator<(int)1, unsigned int>, at::native::memory::LoadWithCast<(int)1>, at::native::memory::StoreWithCast<(int)1>>(int, T1, T2, T4, T5, T6, T7)",unrolled_elementwise_kernel
5,20260625_142332_decode_stage1_decode_b16p2048_cg_on_b16_f1_p2048_layers5_backend_auto_cg_on_pcg_off_tp1_marker_on_profile_nsys,decode,16,2048,32768,1,on,True,13372755,13373939,1184,0.001184,0,1,13,138,,,"[1, 1, 1]","[128, 1, 1]",torch_misc,torch,"void at::native::vectorized_elementwise_kernel<(int)4, at::native::CUDAFunctorOnSelf_add<int>, std::array<char *, (unsigned long)2>>(int, T2, T3)",vectorized_elementwise_kernel
6,20260625_142332_decode_stage1_decode_b16p2048_cg_on_b16_f1_p2048_layers5_backend_auto_cg_on_pcg_off_tp1_marker_on_profile_nsys,decode,16,2048,32768,1,on,True,13452915,13454067,1152,0.001152,0,1,13,179,,,"[1, 1, 1]","[128, 1, 1]",torch_misc,torch,"void at_cuda_detail::cub::DeviceScanInitKernel<at_cuda_detail::cub::ScanTileState<int, (bool)1>>(T1, int)",DeviceScanInitKernel
7,20260625_142332_decode_stage1_decode_b16p2048_cg_on_b16_f1_p2048_layers5_backend_auto_cg_on_pcg_off_tp1_marker_on_profile_nsys,decode,16,2048,32768,1,on,True,13473299,13475027,1728,0.001728,0,1,13,189,,,"[1, 1, 1]","[128, 1, 1]",torch_misc,torch,"void at_cuda_detail::cub::DeviceScanKernel<at_cuda_detail::cub::detail::scan::policy_hub<int, int, int, unsigned int, std::plus<int>>::Policy1000, const int *, int *, at_cuda_detail::cub::ScanTileState<int, (bool)1>, std::plus<int>, at_cuda_detail::cub::NullType, unsigned int, int, (bool)0>(T2, T3, T4, int, T5, T6, T7)",DeviceScanKernel
8,20260625_142332_decode_stage1_decode_b16p2048_cg_on_b16_f1_p2048_layers5_backend_auto_cg_on_pcg_off_tp1_marker_on_profile_nsys,decode,16,2048,32768,1,on,True,13589204,13591988,2784,0.002784,0,1,13,225,,,"[65, 1, 1]","[128, 1, 1]",torch_misc,torch,"void at::native::elementwise_kernel<(int)128, (int)4, void at::native::gpu_kernel_impl<at::native::direct_copy_kernel_cuda(at::TensorIteratorBase &)::[lambda() (instance 3)]::operator ()() const::[lambda() (instance 4)]::operator ()() const::[lambda(long) (instance 1)]>(at::TensorIteratorBase &, const T1 &)::[lambda(int) (instance 1)]>(int, T3)",elementwise_kernel
9,20260625_142332_decode_stage1_decode_b16p2048_cg_on_b16_f1_p2048_layers5_backend_auto_cg_on_pcg_off_tp1_marker_on_profile_nsys,decode,16,2048,32768,1,on,True,13646100,13648212,2112,0.002112,0,1,13,239,,,"[129, 1, 1]","[128, 1, 1]",torch_misc,torch,"void at::native::elementwise_kernel<(int)128, (int)2, void at::native::gpu_kernel_impl_nocast<at::native::direct_copy_kernel_cuda(at::TensorIteratorBase &)::[lambda() (instance 3)]::operator ()() const::[lambda() (instance 4)]::operator ()() const::[lambda(long) (instance 1)]>(at::TensorIteratorBase &, const T1 &)::[lambda(int) (instance 1)]>(int, T3)",elementwise_kernel
10,20260625_142332_decode_stage1_decode_b16p2048_cg_on_b16_f1_p2048_layers5_backend_auto_cg_on_pcg_off_tp1_marker_on_profile_nsys,decode,16,2048,32768,1,on,True,13675060,13680980,5920,0.00592,0,1,13,250,,,"[65, 1, 1]","[128, 1, 1]",torch_misc,torch,"void at::native::index_elementwise_kernel<(int)128, (int)4, void at::native::gpu_index_kernel<void at::native::index_kernel_impl<at::native::OpaqueType<(int)4>>(at::TensorIteratorBase &, c10::ArrayRef<long>, c10::ArrayRef<long>)::[lambda(char *, const char *, long) (instance 1)]>(at::TensorIteratorBase &, c10::ArrayRef<long>, c10::ArrayRef<long>, const T1 &, bool)::[lambda(int) (instance 1)]>(long, T3)",index_elementwise_kernel
11,20260625_142332_decode_stage1_decode_b16p2048_cg_on_b16_f1_p2048_layers5_backend_auto_cg_on_pcg_off_tp1_marker_on_profile_nsys,decode,16,2048,32768,1,on,True,13734068,13735636,1568,0.001568,0,1,13,268,,,"[33, 1, 1]","[128, 1, 1]",torch_misc,torch,"void at::native::vectorized_elementwise_kernel<(int)4, at::native::BUnaryFunctor<int, int, int, at::native::binary_internal::div_floor_kernel_cuda(at::TensorIteratorBase &)::[lambda() (instance 1)]::operator ()() const::[lambda() (instance 3)]::operator ()() const::[lambda(int, int) (instance 1)]>, std::array<char *, (unsigned long)2>>(int, T2, T3)",vectorized_elementwise_kernel
12,20260625_142332_decode_stage1_decode_b16p2048_cg_on_b16_f1_p2048_layers5_backend_auto_cg_on_pcg_off_tp1_marker_on_profile_nsys,decode,16,2048,32768,1,on,True,13753396,13755316,1920,0.00192,0,1,13,275,,,"[129, 1, 1]","[128, 1, 1]",torch_misc,torch,"void at::native::elementwise_kernel<(int)128, (int)2, void at::native::gpu_kernel_impl_nocast<at::native::direct_copy_kernel_cuda(at::TensorIteratorBase &)::[lambda() (instance 3)]::operator ()() const::[lambda() (instance 3)]::operator ()() const::[lambda(int) (instance 1)]>(at::TensorIteratorBase &, const T1 &)::[lambda(int) (instance 1)]>(int, T3)",elementwise_kernel
13,20260625_142332_decode_stage1_decode_b16p2048_cg_on_b16_f1_p2048_layers5_backend_auto_cg_on_pcg_off_tp1_marker_on_profile_nsys,decode,16,2048,32768,1,on,True,14297716,14298452,736,0.000736,0,1,13,288,8589934592.0,2.0,"[1, 1, 1]","[128, 1, 1]",torch_misc,torch,"void at::native::vectorized_elementwise_kernel<(int)4, at::native::FillFunctor<float>, std::array<char *, (unsigned long)1>>(int, T2, T3)",vectorized_elementwise_kernel
14,20260625_142332_decode_stage1_decode_b16p2048_cg_on_b16_f1_p2048_layers5_backend_auto_cg_on_pcg_off_tp1_marker_on_profile_nsys,decode,16,2048,32768,1,on,True,14309012,14323252,14240,0.01424,0,1,13,288,8589934593.0,2.0,"[56, 1, 1]","[128, 1, 1]",torch_misc,torch,"void at::native::<unnamed>::indexSelectSmallIndex<c10::BFloat16, long, unsigned int, (int)2, (int)2, (int)-2>(at::cuda::detail::TensorInfo<T1, T3>, at::cuda::detail::TensorInfo<const T1, T3>, at::cuda::detail::TensorInfo<const T2, T3>, int, int, T3, long)",indexSelectSmallIndex
15,20260625_142332_decode_stage1_decode_b16p2048_cg_on_b16_f1_p2048_layers5_backend_auto_cg_on_pcg_off_tp1_marker_on_profile_nsys,decode,16,2048,32768,1,on,True,14323892,14326388,2496,0.002496,0,1,13,288,8589934594.0,2.0,"[16, 1, 1]","[32, 28, 1]",norm,flashinfer,"void flashinfer::norm::RMSNormKernel<(unsigned int)8, __nv_bfloat16>(T2 *, T2 *, T2 *, unsigned int, unsigned int, unsigned int, float, float)",RMSNormKernel
16,20260625_142332_decode_stage1_decode_b16p2048_cg_on_b16_f1_p2048_layers5_backend_auto_cg_on_pcg_off_tp1_marker_on_profile_nsys,decode,16,2048,32768,1,on,True,14326964,14328756,1792,0.001792,0,1,13,288,8589934595.0,2.0,"[56, 1, 1]","[256, 1, 1]",quant,sglang,"void per_token_group_quant_8bit_kernel<__nv_bfloat16, __nv_fp8_e4m3, (bool)1, (bool)0, float>(const T1 *, void *, T5 *, int, int, int, float, float, float, int, int)",per_token_group_quant_8bit_kernel
17,20260625_142332_decode_stage1_decode_b16p2048_cg_on_b16_f1_p2048_layers5_backend_auto_cg_on_pcg_off_tp1_marker_on_profile_nsys,decode,16,2048,32768,1,on,True,14329332,14339252,9920,0.00992,0,1,13,288,8589934596.0,2.0,"[132, 1, 1]","[256, 1, 1]",gemm,deepgemm,"void deep_gemm::sm90_fp8_gemm_1d2d_impl<(cute::UMMA::Major)0, (unsigned int)0, (unsigned int)2112, (unsigned int)7168, (unsigned int)1, (unsigned int)16, (unsigned int)16, (unsigned int)128, (unsigned int)128, (unsigned int)128, (unsigned int)32, (unsigned int)32, (unsigned int)24, (unsigned int)128, (unsigned int)128, (unsigned int)1, (bool)0, (unsigned int)132, (deep_gemm::GemmType)0, deep_gemm::EpilogueIdentity, (bool)0>(float *, int *, int *, unsigned int, unsigned int, unsigned int, CUtensorMap_st, CUtensorMap_st, CUtensorMap_st, CUtensorMap_st)",sm90_fp8_gemm_1d2d_impl
18,20260625_142332_decode_stage1_decode_b16p2048_cg_on_b16_f1_p2048_layers5_backend_auto_cg_on_pcg_off_tp1_marker_on_profile_nsys,decode,16,2048,32768,1,on,True,14339892,14342068,2176,0.002176,0,1,13,288,8589934597.0,2.0,"[16, 1, 1]","[32, 6, 1]",norm,flashinfer,"void flashinfer::norm::RMSNormKernel<(unsigned int)8, __nv_bfloat16>(T2 *, T2 *, T2 *, unsigned int, unsigned int, unsigned int, float, float)",RMSNormKernel
19,20260625_142332_decode_stage1_decode_b16p2048_cg_on_b16_f1_p2048_layers5_backend_auto_cg_on_pcg_off_tp1_marker_on_profile_nsys,decode,16,2048,32768,1,on,True,14340084,14341972,1888,0.001888,0,1,142,288,8589934598.0,2.0,"[16, 1, 1]","[32, 2, 1]",norm,flashinfer,"void flashinfer::norm::RMSNormKernel<(unsigned int)8, __nv_bfloat16>(T2 *, T2 *, T2 *, unsigned int, unsigned int, unsigned int, float, float)",RMSNormKernel
20,20260625_142332_decode_stage1_decode_b16p2048_cg_on_b16_f1_p2048_layers5_backend_auto_cg_on_pcg_off_tp1_marker_on_profile_nsys,decode,16,2048,32768,1,on,True,14342580,14344116,1536,0.001536,0,1,13,288,8589934599.0,2.0,"[12, 1, 1]","[256, 1, 1]",quant,sglang,"void per_token_group_quant_8bit_kernel<__nv_bfloat16, __nv_fp8_e4m3, (bool)1, (bool)0, float>(const T1 *, void *, T5 *, int, int, int, float, float, float, int, int)",per_token_group_quant_8bit_kernel
21,20260625_142332_decode_stage1_decode_b16p2048_cg_on_b16_f1_p2048_layers5_backend_auto_cg_on_pcg_off_tp1_marker_on_profile_nsys,decode,16,2048,32768,1,on,True,14344564,14364308,19744,0.019744,0,1,13,288,8589934600.0,2.0,"[128, 1, 1]","[256, 1, 1]",gemm,deepgemm,"void deep_gemm::sm90_fp8_gemm_1d2d_impl<(cute::UMMA::Major)0, (unsigned int)0, (unsigned int)24576, (unsigned int)1536, (unsigned int)1, (unsigned int)16, (unsigned int)192, (unsigned int)128, (unsigned int)128, (unsigned int)128, (unsigned int)128, (unsigned int)4, (unsigned int)0, (unsigned int)128, (unsigned int)128, (unsigned int)1, (bool)0, (unsigned int)128, (deep_gemm::GemmType)0, deep_gemm::EpilogueIdentity, (bool)0>(float *, int *, int *, unsigned int, unsigned int, unsigned int, CUtensorMap_st, CUtensorMap_st, CUtensorMap_st, CUtensorMap_st)",sm90_fp8_gemm_1d2d_impl
22,20260625_142332_decode_stage1_decode_b16p2048_cg_on_b16_f1_p2048_layers5_backend_auto_cg_on_pcg_off_tp1_marker_on_profile_nsys,decode,16,2048,32768,1,on,True,14365044,14373620,8576,0.008576,0,1,13,288,8589934601.0,2.0,"[2, 66, 1]","[384, 1, 1]",bmm,torch,nvjet_tst_256x16_64x6_2x1_v_bz_TNT,nvjet_tst_256x16_64x6_2x1_v_bz_TNT
23,20260625_142332_decode_stage1_decode_b16p2048_cg_on_b16_f1_p2048_layers5_backend_auto_cg_on_pcg_off_tp1_marker_on_profile_nsys,decode,16,2048,32768,1,on,True,14374068,14375924,1856,0.001856,0,1,13,288,8589934602.0,2.0,"[1, 129, 1]","[8, 16, 1]",support,flashinfer,"void flashinfer::BatchQKApplyRotaryPosIdsCosSinCacheHeadParallelismKernel<(bool)1, (unsigned int)64, (unsigned int)8, (unsigned int)8, __nv_bfloat16, long>(T5 *, T5 *, T5 *, T5 *, float *, T6 *, unsigned int, unsigned int, unsigned int, unsigned int, unsigned long, unsigned long, unsigned long, unsigned long, unsigned long, unsigned long, unsigned long, unsigned long)",BatchQKApplyRotaryPosIdsCosSinCacheHeadParallelismKernel
24,20260625_142332_decode_stage1_decode_b16p2048_cg_on_b16_f1_p2048_layers5_backend_auto_cg_on_pcg_off_tp1_marker_on_profile_nsys,decode,16,2048,32768,1,on,True,14376340,14377748,1408,0.001408,0,1,13,288,8589934603.0,2.0,"[16, 5, 1]","[128, 1, 1]",attention_support,sglang_mla,set_mla_kv_buffer_kernel,set_mla_kv_buffer_kernel
25,20260625_142332_decode_stage1_decode_b16p2048_cg_on_b16_f1_p2048_layers5_backend_auto_cg_on_pcg_off_tp1_marker_on_profile_nsys,decode,16,2048,32768,1,on,True,14378292,14381332,3040,0.00304,0,1,13,288,8589934604.0,2.0,"[1, 1, 1]","[32, 1, 1]",attention,fa3,"void flash::prepare_varlen_num_blocks_kernel<(int)1, (bool)1>(int, int, int, const int *, const int *, const int *, const int *, const int *, const int *, int, int, int, int, int, cutlass::FastDivmod, cutlass::FastDivmod, int *, int *, int *, int *, int *, bool, bool, bool, int)",prepare_varlen_num_blocks_kernel
26,20260625_142332_decode_stage1_decode_b16p2048_cg_on_b16_f1_p2048_layers5_backend_auto_cg_on_pcg_off_tp1_marker_on_profile_nsys,decode,16,2048,32768,1,on,True,14381460,14413684,32224,0.032224,0,1,13,288,8589934605.0,2.0,"[132, 1, 1]","[384, 1, 1]",attention,fa3,"void cutlass::device_kernel<flash::enable_sm90_or_later<flash::FlashAttnFwdSm90<flash::CollectiveMainloopFwdSm90<(int)2, cute::tuple<cute::C<(int)1>, cute::C<(int)1>, cute::C<(int)1>>, cute::tuple<cute::C<(int)64>, cute::C<(int)64>, cute::C<(int)64>>, (int)512, cutlass::bfloat16_t, float, cutlass::arch::Sm90, (bool)0, (bool)0, (bool)0, (bool)1, (bool)1, (bool)0, (bool)1, (bool)0, (bool)0, (bool)1, (bool)1, (bool)0, cutlass::bfloat16_t>, flash::CollectiveEpilogueFwd<cute::tuple<cute::C<(int)64>, cute::C<(int)512>, cute::C<(int)64>>, cute::tuple<cute::C<(int)1>, cute::C<(int)1>, cute::C<(int)1>>, cutlass::bfloat16_t, cutlass::arch::Sm90, (int)256, (bool)1, (bool)1, (bool)1, (bool)0>, flash::VarlenDynamicPersistentTileScheduler<(int)64, (int)64, (int)256, (int)128, (bool)1, (bool)1, (bool)1, (bool)0, (bool)1, (bool)1>>>>(T1::Params)",device_kernel
27,20260625_142332_decode_stage1_decode_b16p2048_cg_on_b16_f1_p2048_layers5_backend_auto_cg_on_pcg_off_tp1_marker_on_profile_nsys,decode,16,2048,32768,1,on,True,14414004,14420884,6880,0.00688,0,1,13,288,8589934606.0,2.0,"[16, 4, 16]","[256, 1, 1]",attention,fa3,"void cutlass::device_kernel<flash::FlashAttnFwdCombine<cute::tuple<cute::C<(int)8>, cute::C<(int)128>>, (int)5, (int)256, (int)1, (bool)0, (bool)1, cutlass::bfloat16_t, float, cutlass::arch::Sm90>>(T1::Params)",device_kernel
28,20260625_142332_decode_stage1_decode_b16p2048_cg_on_b16_f1_p2048_layers5_backend_auto_cg_on_pcg_off_tp1_marker_on_profile_nsys,decode,16,2048,32768,1,on,True,14421332,14430356,9024,0.009024,0,1,13,288,8589934607.0,2.0,"[1, 128, 1]","[384, 1, 1]",bmm,torch,nvjet_tst_128x16_64x11_1x1_h_bz_TNT,nvjet_tst_128x16_64x11_1x1_h_bz_TNT
29,20260625_142332_decode_stage1_decode_b16p2048_cg_on_b16_f1_p2048_layers5_backend_auto_cg_on_pcg_off_tp1_marker_on_profile_nsys,decode,16,2048,32768,1,on,True,14430804,14432756,1952,0.001952,0,1,13,288,8589934608.0,2.0,"[128, 1, 1]","[256, 1, 1]",quant,sglang,"void per_token_group_quant_8bit_kernel<__nv_bfloat16, __nv_fp8_e4m3, (bool)1, (bool)0, float>(const T1 *, void *, T5 *, int, int, int, float, float, float, int, int)",per_token_group_quant_8bit_kernel
30,20260625_142332_decode_stage1_decode_b16p2048_cg_on_b16_f1_p2048_layers5_backend_auto_cg_on_pcg_off_tp1_marker_on_profile_nsys,decode,16,2048,32768,1,on,True,14433172,14481684,48512,0.048512,0,1,13,288,8589934609.0,2.0,"[112, 1, 1]","[256, 1, 1]",gemm,deepgemm,"void deep_gemm::sm90_fp8_gemm_1d2d_impl<(cute::UMMA::Major)0, (unsigned int)0, (unsigned int)7168, (unsigned int)16384, (unsigned int)1, (unsigned int)16, (unsigned int)64, (unsigned int)128, (unsigned int)128, (unsigned int)128, (unsigned int)128, (unsigned int)22, (unsigned int)18, (unsigned int)128, (unsigned int)128, (unsigned int)1, (bool)0, (unsigned int)112, (deep_gemm::GemmType)0, deep_gemm::EpilogueIdentity, (bool)0>(float *, int *, int *, unsigned int, unsigned int, unsigned int, CUtensorMap_st, CUtensorMap_st, CUtensorMap_st, CUtensorMap_st)",sm90_fp8_gemm_1d2d_impl
31,20260625_142332_decode_stage1_decode_b16p2048_cg_on_b16_f1_p2048_layers5_backend_auto_cg_on_pcg_off_tp1_marker_on_profile_nsys,decode,16,2048,32768,1,on,True,14481716,14484692,2976,0.002976,0,1,13,288,8589934610.0,2.0,"[16, 1, 1]","[32, 28, 1]",norm,flashinfer,"void flashinfer::norm::FusedAddRMSNormKernel<(unsigned int)8, __nv_bfloat16>(T2 *, T2 *, T2 *, unsigned int, unsigned int, unsigned int, float, float)",FusedAddRMSNormKernel
32,20260625_142332_decode_stage1_decode_b16p2048_cg_on_b16_f1_p2048_layers5_backend_auto_cg_on_pcg_off_tp1_marker_on_profile_nsys,decode,16,2048,32768,1,on,True,14485140,14486804,1664,0.001664,0,1,13,288,8589934611.0,2.0,"[56, 1, 1]","[256, 1, 1]",quant,sglang,"void per_token_group_quant_8bit_kernel<__nv_bfloat16, __nv_fp8_e4m3, (bool)1, (bool)0, float>(const T1 *, void *, T5 *, int, int, int, float, float, float, int, int)",per_token_group_quant_8bit_kernel
33,20260625_142332_decode_stage1_decode_b16p2048_cg_on_b16_f1_p2048_layers5_backend_auto_cg_on_pcg_off_tp1_marker_on_profile_nsys,decode,16,2048,32768,1,on,True,14487252,14578260,91008,0.091008,0,1,13,288,8589934612.0,2.0,"[128, 1, 1]","[256, 1, 1]",gemm,deepgemm,"void deep_gemm::sm90_fp8_gemm_1d2d_impl<(cute::UMMA::Major)0, (unsigned int)0, (unsigned int)36864, (unsigned int)7168, (unsigned int)1, (unsigned int)16, (unsigned int)144, (unsigned int)128, (unsigned int)128, (unsigned int)128, (unsigned int)32, (unsigned int)11, (unsigned int)1, (unsigned int)128, (unsigned int)128, (unsigned int)1, (bool)0, (unsigned int)128, (deep_gemm::GemmType)0, deep_gemm::EpilogueIdentity, (bool)0>(float *, int *, int *, unsigned int, unsigned int, unsigned int, CUtensorMap_st, CUtensorMap_st, CUtensorMap_st, CUtensorMap_st)",sm90_fp8_gemm_1d2d_impl
34,20260625_142332_decode_stage1_decode_b16p2048_cg_on_b16_f1_p2048_layers5_backend_auto_cg_on_pcg_off_tp1_marker_on_profile_nsys,decode,16,2048,32768,1,on,True,14578836,14582772,3936,0.003936,0,1,13,288,8589934613.0,2.0,"[16, 1, 1]","[1024, 1, 1]",activation,flashinfer,"void flashinfer::activation::act_and_mul_kernel<__nv_bfloat16, &silu<float>>(T1 *, const T1 *, int)",act_and_mul_kernel
35,20260625_142332_decode_stage1_decode_b16p2048_cg_on_b16_f1_p2048_layers5_backend_auto_cg_on_pcg_off_tp1_marker_on_profile_nsys,decode,16,2048,32768,1,on,True,14583220,14585268,2048,0.002048,0,1,13,288,8589934614.0,2.0,"[144, 1, 1]","[256, 1, 1]",quant,sglang,"void per_token_group_quant_8bit_kernel<__nv_bfloat16, __nv_fp8_e4m3, (bool)1, (bool)0, float>(const T1 *, void *, T5 *, int, int, int, float, float, float, int, int)",per_token_group_quant_8bit_kernel
36,20260625_142332_decode_stage1_decode_b16p2048_cg_on_b16_f1_p2048_layers5_backend_auto_cg_on_pcg_off_tp1_marker_on_profile_nsys,decode,16,2048,32768,1,on,True,14585716,14635444,49728,0.049728,0,1,13,288,8589934615.0,2.0,"[112, 1, 1]","[256, 1, 1]",gemm,deepgemm,"void deep_gemm::sm90_fp8_gemm_1d2d_impl<(cute::UMMA::Major)0, (unsigned int)0, (unsigned int)7168, (unsigned int)18432, (unsigned int)1, (unsigned int)16, (unsigned int)64, (unsigned int)128, (unsigned int)128, (unsigned int)128, (unsigned int)128, (unsigned int)22, (unsigned int)12, (unsigned int)128, (unsigned int)128, (unsigned int)1, (bool)0, (unsigned int)112, (deep_gemm::GemmType)0, deep_gemm::EpilogueIdentity, (bool)0>(float *, int *, int *, unsigned int, unsigned int, unsigned int, CUtensorMap_st, CUtensorMap_st, CUtensorMap_st, CUtensorMap_st)",sm90_fp8_gemm_1d2d_impl
37,20260625_142332_decode_stage1_decode_b16p2048_cg_on_b16_f1_p2048_layers5_backend_auto_cg_on_pcg_off_tp1_marker_on_profile_nsys,decode,16,2048,32768,1,on,True,14619668,14628628,8960,0.00896,0,1,7,340,,,"[1, 1, 1]","[128, 1, 1]",torch_misc,torch,"void at::native::vectorized_elementwise_kernel<(int)2, at::native::neg_kernel_cuda(at::TensorIteratorBase &)::[lambda() (instance 2)]::operator ()() const::[lambda() (instance 4)]::operator ()() const::[lambda(long) (instance 1)], std::array<char *, (unsigned long)2>>(int, T2, T3)",vectorized_elementwise_kernel
38,20260625_142332_decode_stage1_decode_b16p2048_cg_on_b16_f1_p2048_layers5_backend_auto_cg_on_pcg_off_tp1_marker_on_profile_nsys,decode,16,2048,32768,1,on,True,14635476,14638516,3040,0.00304,0,1,13,288,8589934616.0,2.0,"[16, 1, 1]","[32, 28, 1]",norm,flashinfer,"void flashinfer::norm::FusedAddRMSNormKernel<(unsigned int)8, __nv_bfloat16>(T2 *, T2 *, T2 *, unsigned int, unsigned int, unsigned int, float, float)",FusedAddRMSNormKernel
39,20260625_142332_decode_stage1_decode_b16p2048_cg_on_b16_f1_p2048_layers5_backend_auto_cg_on_pcg_off_tp1_marker_on_profile_nsys,decode,16,2048,32768,1,on,True,14638964,14640692,1728,0.001728,0,1,13,288,8589934617.0,2.0,"[56, 1, 1]","[256, 1, 1]",quant,sglang,"void per_token_group_quant_8bit_kernel<__nv_bfloat16, __nv_fp8_e4m3, (bool)1, (bool)0, float>(const T1 *, void *, T5 *, int, int, int, float, float, float, int, int)",per_token_group_quant_8bit_kernel
40,20260625_142332_decode_stage1_decode_b16p2048_cg_on_b16_f1_p2048_layers5_backend_auto_cg_on_pcg_off_tp1_marker_on_profile_nsys,decode,16,2048,32768,1,on,True,14641108,14650804,9696,0.009696,0,1,13,288,8589934618.0,2.0,"[132, 1, 1]","[256, 1, 1]",gemm,deepgemm,"void deep_gemm::sm90_fp8_gemm_1d2d_impl<(cute::UMMA::Major)0, (unsigned int)0, (unsigned int)2112, (unsigned int)7168, (unsigned int)1, (unsigned int)16, (unsigned int)16, (unsigned int)128, (unsigned int)128, (unsigned int)128, (unsigned int)32, (unsigned int)32, (unsigned int)24, (unsigned int)128, (unsigned int)128, (unsigned int)1, (bool)0, (unsigned int)132, (deep_gemm::GemmType)0, deep_gemm::EpilogueIdentity, (bool)0>(float *, int *, int *, unsigned int, unsigned int, unsigned int, CUtensorMap_st, CUtensorMap_st, CUtensorMap_st, CUtensorMap_st)",sm90_fp8_gemm_1d2d_impl
41,20260625_142332_decode_stage1_decode_b16p2048_cg_on_b16_f1_p2048_layers5_backend_auto_cg_on_pcg_off_tp1_marker_on_profile_nsys,decode,16,2048,32768,1,on,True,14650964,14653172,2208,0.002208,0,1,13,288,8589934619.0,2.0,"[16, 1, 1]","[32, 6, 1]",norm,flashinfer,"void flashinfer::norm::RMSNormKernel<(unsigned int)8, __nv_bfloat16>(T2 *, T2 *, T2 *, unsigned int, unsigned int, unsigned int, float, float)",RMSNormKernel
42,20260625_142332_decode_stage1_decode_b16p2048_cg_on_b16_f1_p2048_layers5_backend_auto_cg_on_pcg_off_tp1_marker_on_profile_nsys,decode,16,2048,32768,1,on,True,14651252,14653236,1984,0.001984,0,1,142,288,8589934620.0,2.0,"[16, 1, 1]","[32, 2, 1]",norm,flashinfer,"void flashinfer::norm::RMSNormKernel<(unsigned int)8, __nv_bfloat16>(T2 *, T2 *, T2 *, unsigned int, unsigned int, unsigned int, float, float)",RMSNormKernel
43,20260625_142332_decode_stage1_decode_b16p2048_cg_on_b16_f1_p2048_layers5_backend_auto_cg_on_pcg_off_tp1_marker_on_profile_nsys,decode,16,2048,32768,1,on,True,14653812,14655444,1632,0.001632,0,1,13,288,8589934621.0,2.0,"[12, 1, 1]","[256, 1, 1]",quant,sglang,"void per_token_group_quant_8bit_kernel<__nv_bfloat16, __nv_fp8_e4m3, (bool)1, (bool)0, float>(const T1 *, void *, T5 *, int, int, int, float, float, float, int, int)",per_token_group_quant_8bit_kernel
44,20260625_142332_decode_stage1_decode_b16p2048_cg_on_b16_f1_p2048_layers5_backend_auto_cg_on_pcg_off_tp1_marker_on_profile_nsys,decode,16,2048,32768,1,on,True,14655892,14672724,16832,0.016832,0,1,13,288,8589934622.0,2.0,"[128, 1, 1]","[256, 1, 1]",gemm,deepgemm,"void deep_gemm::sm90_fp8_gemm_1d2d_impl<(cute::UMMA::Major)0, (unsigned int)0, (unsigned int)24576, (unsigned int)1536, (unsigned int)1, (unsigned int)16, (unsigned int)192, (unsigned int)128, (unsigned int)128, (unsigned int)128, (unsigned int)128, (unsigned int)4, (unsigned int)0, (unsigned int)128, (unsigned int)128, (unsigned int)1, (bool)0, (unsigned int)128, (deep_gemm::GemmType)0, deep_gemm::EpilogueIdentity, (bool)0>(float *, int *, int *, unsigned int, unsigned int, unsigned int, CUtensorMap_st, CUtensorMap_st, CUtensorMap_st, CUtensorMap_st)",sm90_fp8_gemm_1d2d_impl
45,20260625_142332_decode_stage1_decode_b16p2048_cg_on_b16_f1_p2048_layers5_backend_auto_cg_on_pcg_off_tp1_marker_on_profile_nsys,decode,16,2048,32768,1,on,True,14673300,14681652,8352,0.008352,0,1,13,288,8589934623.0,2.0,"[2, 66, 1]","[384, 1, 1]",bmm,torch,nvjet_tst_256x16_64x6_2x1_v_bz_TNT,nvjet_tst_256x16_64x6_2x1_v_bz_TNT
46,20260625_142332_decode_stage1_decode_b16p2048_cg_on_b16_f1_p2048_layers5_backend_auto_cg_on_pcg_off_tp1_marker_on_profile_nsys,decode,16,2048,32768,1,on,True,14682100,14684148,2048,0.002048,0,1,13,288,8589934624.0,2.0,"[1, 129, 1]","[8, 16, 1]",support,flashinfer,"void flashinfer::BatchQKApplyRotaryPosIdsCosSinCacheHeadParallelismKernel<(bool)1, (unsigned int)64, (unsigned int)8, (unsigned int)8, __nv_bfloat16, long>(T5 *, T5 *, T5 *, T5 *, float *, T6 *, unsigned int, unsigned int, unsigned int, unsigned int, unsigned long, unsigned long, unsigned long, unsigned long, unsigned long, unsigned long, unsigned long, unsigned long)",BatchQKApplyRotaryPosIdsCosSinCacheHeadParallelismKernel
47,20260625_142332_decode_stage1_decode_b16p2048_cg_on_b16_f1_p2048_layers5_backend_auto_cg_on_pcg_off_tp1_marker_on_profile_nsys,decode,16,2048,32768,1,on,True,14684724,14686228,1504,0.001504,0,1,13,288,8589934625.0,2.0,"[16, 5, 1]","[128, 1, 1]",attention_support,sglang_mla,set_mla_kv_buffer_kernel,set_mla_kv_buffer_kernel
48,20260625_142332_decode_stage1_decode_b16p2048_cg_on_b16_f1_p2048_layers5_backend_auto_cg_on_pcg_off_tp1_marker_on_profile_nsys,decode,16,2048,32768,1,on,True,14686644,14690100,3456,0.003456,0,1,13,288,8589934626.0,2.0,"[1, 1, 1]","[32, 1, 1]",attention,fa3,"void flash::prepare_varlen_num_blocks_kernel<(int)1, (bool)1>(int, int, int, const int *, const int *, const int *, const int *, const int *, const int *, int, int, int, int, int, cutlass::FastDivmod, cutlass::FastDivmod, int *, int *, int *, int *, int *, bool, bool, bool, int)",prepare_varlen_num_blocks_kernel
49,20260625_142332_decode_stage1_decode_b16p2048_cg_on_b16_f1_p2048_layers5_backend_auto_cg_on_pcg_off_tp1_marker_on_profile_nsys,decode,16,2048,32768,1,on,True,14690260,14723571,33311,0.033311,0,1,13,288,8589934627.0,2.0,"[132, 1, 1]","[384, 1, 1]",attention,fa3,"void cutlass::device_kernel<flash::enable_sm90_or_later<flash::FlashAttnFwdSm90<flash::CollectiveMainloopFwdSm90<(int)2, cute::tuple<cute::C<(int)1>, cute::C<(int)1>, cute::C<(int)1>>, cute::tuple<cute::C<(int)64>, cute::C<(int)64>, cute::C<(int)64>>, (int)512, cutlass::bfloat16_t, float, cutlass::arch::Sm90, (bool)0, (bool)0, (bool)0, (bool)1, (bool)1, (bool)0, (bool)1, (bool)0, (bool)0, (bool)1, (bool)1, (bool)0, cutlass::bfloat16_t>, flash::CollectiveEpilogueFwd<cute::tuple<cute::C<(int)64>, cute::C<(int)512>, cute::C<(int)64>>, cute::tuple<cute::C<(int)1>, cute::C<(int)1>, cute::C<(int)1>>, cutlass::bfloat16_t, cutlass::arch::Sm90, (int)256, (bool)1, (bool)1, (bool)1, (bool)0>, flash::VarlenDynamicPersistentTileScheduler<(int)64, (int)64, (int)256, (int)128, (bool)1, (bool)1, (bool)1, (bool)0, (bool)1, (bool)1>>>>(T1::Params)",device_kernel
50,20260625_142332_decode_stage1_decode_b16p2048_cg_on_b16_f1_p2048_layers5_backend_auto_cg_on_pcg_off_tp1_marker_on_profile_nsys,decode,16,2048,32768,1,on,True,14723572,14730612,7040,0.00704,0,1,13,288,8589934628.0,2.0,"[16, 4, 16]","[256, 1, 1]",attention,fa3,"void cutlass::device_kernel<flash::FlashAttnFwdCombine<cute::tuple<cute::C<(int)8>, cute::C<(int)128>>, (int)5, (int)256, (int)1, (bool)0, (bool)1, cutlass::bfloat16_t, float, cutlass::arch::Sm90>>(T1::Params)",device_kernel
51,20260625_142332_decode_stage1_decode_b16p2048_cg_on_b16_f1_p2048_layers5_backend_auto_cg_on_pcg_off_tp1_marker_on_profile_nsys,decode,16,2048,32768,1,on,True,14731156,14740564,9408,0.009408,0,1,13,288,8589934629.0,2.0,"[1, 128, 1]","[384, 1, 1]",bmm,torch,nvjet_tst_128x16_64x11_1x1_h_bz_TNT,nvjet_tst_128x16_64x11_1x1_h_bz_TNT
52,20260625_142332_decode_stage1_decode_b16p2048_cg_on_b16_f1_p2048_layers5_backend_auto_cg_on_pcg_off_tp1_marker_on_profile_nsys,decode,16,2048,32768,1,on,True,14740948,14742932,1984,0.001984,0,1,13,288,8589934630.0,2.0,"[128, 1, 1]","[256, 1, 1]",quant,sglang,"void per_token_group_quant_8bit_kernel<__nv_bfloat16, __nv_fp8_e4m3, (bool)1, (bool)0, float>(const T1 *, void *, T5 *, int, int, int, float, float, float, int, int)",per_token_group_quant_8bit_kernel
53,20260625_142332_decode_stage1_decode_b16p2048_cg_on_b16_f1_p2048_layers5_backend_auto_cg_on_pcg_off_tp1_marker_on_profile_nsys,decode,16,2048,32768,1,on,True,14743380,14792244,48864,0.048864,0,1,13,288,8589934631.0,2.0,"[112, 1, 1]","[256, 1, 1]",gemm,deepgemm,"void deep_gemm::sm90_fp8_gemm_1d2d_impl<(cute::UMMA::Major)0, (unsigned int)0, (unsigned int)7168, (unsigned int)16384, (unsigned int)1, (unsigned int)16, (unsigned int)64, (unsigned int)128, (unsigned int)128, (unsigned int)128, (unsigned int)128, (unsigned int)22, (unsigned int)18, (unsigned int)128, (unsigned int)128, (unsigned int)1, (bool)0, (unsigned int)112, (deep_gemm::GemmType)0, deep_gemm::EpilogueIdentity, (bool)0>(float *, int *, int *, unsigned int, unsigned int, unsigned int, CUtensorMap_st, CUtensorMap_st, CUtensorMap_st, CUtensorMap_st)",sm90_fp8_gemm_1d2d_impl
54,20260625_142332_decode_stage1_decode_b16p2048_cg_on_b16_f1_p2048_layers5_backend_auto_cg_on_pcg_off_tp1_marker_on_profile_nsys,decode,16,2048,32768,1,on,True,14792212,14795284,3072,0.003072,0,1,13,288,8589934632.0,2.0,"[16, 1, 1]","[32, 28, 1]",norm,flashinfer,"void flashinfer::norm::FusedAddRMSNormKernel<(unsigned int)8, __nv_bfloat16>(T2 *, T2 *, T2 *, unsigned int, unsigned int, unsigned int, float, float)",FusedAddRMSNormKernel
55,20260625_142332_decode_stage1_decode_b16p2048_cg_on_b16_f1_p2048_layers5_backend_auto_cg_on_pcg_off_tp1_marker_on_profile_nsys,decode,16,2048,32768,1,on,True,14795700,14797396,1696,0.001696,0,1,13,288,8589934633.0,2.0,"[56, 1, 1]","[256, 1, 1]",quant,sglang,"void per_token_group_quant_8bit_kernel<__nv_bfloat16, __nv_fp8_e4m3, (bool)1, (bool)0, float>(const T1 *, void *, T5 *, int, int, int, float, float, float, int, int)",per_token_group_quant_8bit_kernel
56,20260625_142332_decode_stage1_decode_b16p2048_cg_on_b16_f1_p2048_layers5_backend_auto_cg_on_pcg_off_tp1_marker_on_profile_nsys,decode,16,2048,32768,1,on,True,14798420,14889492,91072,0.091072,0,1,13,288,8589934634.0,2.0,"[128, 1, 1]","[256, 1, 1]",gemm,deepgemm,"void deep_gemm::sm90_fp8_gemm_1d2d_impl<(cute::UMMA::Major)0, (unsigned int)0, (unsigned int)36864, (unsigned int)7168, (unsigned int)1, (unsigned int)16, (unsigned int)144, (unsigned int)128, (unsigned int)128, (unsigned int)128, (unsigned int)32, (unsigned int)11, (unsigned int)1, (unsigned int)128, (unsigned int)128, (unsigned int)1, (bool)0, (unsigned int)128, (deep_gemm::GemmType)0, deep_gemm::EpilogueIdentity, (bool)0>(float *, int *, int *, unsigned int, unsigned int, unsigned int, CUtensorMap_st, CUtensorMap_st, CUtensorMap_st, CUtensorMap_st)",sm90_fp8_gemm_1d2d_impl
57,20260625_142332_decode_stage1_decode_b16p2048_cg_on_b16_f1_p2048_layers5_backend_auto_cg_on_pcg_off_tp1_marker_on_profile_nsys,decode,16,2048,32768,1,on,True,14890036,14893812,3776,0.003776,0,1,13,288,8589934635.0,2.0,"[16, 1, 1]","[1024, 1, 1]",activation,flashinfer,"void flashinfer::activation::act_and_mul_kernel<__nv_bfloat16, &silu<float>>(T1 *, const T1 *, int)",act_and_mul_kernel
58,20260625_142332_decode_stage1_decode_b16p2048_cg_on_b16_f1_p2048_layers5_backend_auto_cg_on_pcg_off_tp1_marker_on_profile_nsys,decode,16,2048,32768,1,on,True,14894228,14896308,2080,0.00208,0,1,13,288,8589934636.0,2.0,"[144, 1, 1]","[256, 1, 1]",quant,sglang,"void per_token_group_quant_8bit_kernel<__nv_bfloat16, __nv_fp8_e4m3, (bool)1, (bool)0, float>(const T1 *, void *, T5 *, int, int, int, float, float, float, int, int)",per_token_group_quant_8bit_kernel
59,20260625_142332_decode_stage1_decode_b16p2048_cg_on_b16_f1_p2048_layers5_backend_auto_cg_on_pcg_off_tp1_marker_on_profile_nsys,decode,16,2048,32768,1,on,True,14896724,14946452,49728,0.049728,0,1,13,288,8589934637.0,2.0,"[112, 1, 1]","[256, 1, 1]",gemm,deepgemm,"void deep_gemm::sm90_fp8_gemm_1d2d_impl<(cute::UMMA::Major)0, (unsigned int)0, (unsigned int)7168, (unsigned int)18432, (unsigned int)1, (unsigned int)16, (unsigned int)64, (unsigned int)128, (unsigned int)128, (unsigned int)128, (unsigned int)128, (unsigned int)22, (unsigned int)12, (unsigned int)128, (unsigned int)128, (unsigned int)1, (bool)0, (unsigned int)112, (deep_gemm::GemmType)0, deep_gemm::EpilogueIdentity, (bool)0>(float *, int *, int *, unsigned int, unsigned int, unsigned int, CUtensorMap_st, CUtensorMap_st, CUtensorMap_st, CUtensorMap_st)",sm90_fp8_gemm_1d2d_impl
60,20260625_142332_decode_stage1_decode_b16p2048_cg_on_b16_f1_p2048_layers5_backend_auto_cg_on_pcg_off_tp1_marker_on_profile_nsys,decode,16,2048,32768,1,on,True,14946484,14949428,2944,0.002944,0,1,13,288,8589934638.0,2.0,"[16, 1, 1]","[32, 28, 1]",norm,flashinfer,"void flashinfer::norm::FusedAddRMSNormKernel<(unsigned int)8, __nv_bfloat16>(T2 *, T2 *, T2 *, unsigned int, unsigned int, unsigned int, float, float)",FusedAddRMSNormKernel
61,20260625_142332_decode_stage1_decode_b16p2048_cg_on_b16_f1_p2048_layers5_backend_auto_cg_on_pcg_off_tp1_marker_on_profile_nsys,decode,16,2048,32768,1,on,True,14949876,14951572,1696,0.001696,0,1,13,288,8589934639.0,2.0,"[56, 1, 1]","[256, 1, 1]",quant,sglang,"void per_token_group_quant_8bit_kernel<__nv_bfloat16, __nv_fp8_e4m3, (bool)1, (bool)0, float>(const T1 *, void *, T5 *, int, int, int, float, float, float, int, int)",per_token_group_quant_8bit_kernel
62,20260625_142332_decode_stage1_decode_b16p2048_cg_on_b16_f1_p2048_layers5_backend_auto_cg_on_pcg_off_tp1_marker_on_profile_nsys,decode,16,2048,32768,1,on,True,14951988,14961652,9664,0.009664,0,1,13,288,8589934640.0,2.0,"[132, 1, 1]","[256, 1, 1]",gemm,deepgemm,"void deep_gemm::sm90_fp8_gemm_1d2d_impl<(cute::UMMA::Major)0, (unsigned int)0, (unsigned int)2112, (unsigned int)7168, (unsigned int)1, (unsigned int)16, (unsigned int)16, (unsigned int)128, (unsigned int)128, (unsigned int)128, (unsigned int)32, (unsigned int)32, (unsigned int)24, (unsigned int)128, (unsigned int)128, (unsigned int)1, (bool)0, (unsigned int)132, (deep_gemm::GemmType)0, deep_gemm::EpilogueIdentity, (bool)0>(float *, int *, int *, unsigned int, unsigned int, unsigned int, CUtensorMap_st, CUtensorMap_st, CUtensorMap_st, CUtensorMap_st)",sm90_fp8_gemm_1d2d_impl
63,20260625_142332_decode_stage1_decode_b16p2048_cg_on_b16_f1_p2048_layers5_backend_auto_cg_on_pcg_off_tp1_marker_on_profile_nsys,decode,16,2048,32768,1,on,True,14961812,14963892,2080,0.00208,0,1,13,288,8589934641.0,2.0,"[16, 1, 1]","[32, 6, 1]",norm,flashinfer,"void flashinfer::norm::RMSNormKernel<(unsigned int)8, __nv_bfloat16>(T2 *, T2 *, T2 *, unsigned int, unsigned int, unsigned int, float, float)",RMSNormKernel
64,20260625_142332_decode_stage1_decode_b16p2048_cg_on_b16_f1_p2048_layers5_backend_auto_cg_on_pcg_off_tp1_marker_on_profile_nsys,decode,16,2048,32768,1,on,True,14962100,14963988,1888,0.001888,0,1,142,288,8589934642.0,2.0,"[16, 1, 1]","[32, 2, 1]",norm,flashinfer,"void flashinfer::norm::RMSNormKernel<(unsigned int)8, __nv_bfloat16>(T2 *, T2 *, T2 *, unsigned int, unsigned int, unsigned int, float, float)",RMSNormKernel
65,20260625_142332_decode_stage1_decode_b16p2048_cg_on_b16_f1_p2048_layers5_backend_auto_cg_on_pcg_off_tp1_marker_on_profile_nsys,decode,16,2048,32768,1,on,True,14964532,14966164,1632,0.001632,0,1,13,288,8589934643.0,2.0,"[12, 1, 1]","[256, 1, 1]",quant,sglang,"void per_token_group_quant_8bit_kernel<__nv_bfloat16, __nv_fp8_e4m3, (bool)1, (bool)0, float>(const T1 *, void *, T5 *, int, int, int, float, float, float, int, int)",per_token_group_quant_8bit_kernel
66,20260625_142332_decode_stage1_decode_b16p2048_cg_on_b16_f1_p2048_layers5_backend_auto_cg_on_pcg_off_tp1_marker_on_profile_nsys,decode,16,2048,32768,1,on,True,14966612,14983380,16768,0.016768,0,1,13,288,8589934644.0,2.0,"[128, 1, 1]","[256, 1, 1]",gemm,deepgemm,"void deep_gemm::sm90_fp8_gemm_1d2d_impl<(cute::UMMA::Major)0, (unsigned int)0, (unsigned int)24576, (unsigned int)1536, (unsigned int)1, (unsigned int)16, (unsigned int)192, (unsigned int)128, (unsigned int)128, (unsigned int)128, (unsigned int)128, (unsigned int)4, (unsigned int)0, (unsigned int)128, (unsigned int)128, (unsigned int)1, (bool)0, (unsigned int)128, (deep_gemm::GemmType)0, deep_gemm::EpilogueIdentity, (bool)0>(float *, int *, int *, unsigned int, unsigned int, unsigned int, CUtensorMap_st, CUtensorMap_st, CUtensorMap_st, CUtensorMap_st)",sm90_fp8_gemm_1d2d_impl
67,20260625_142332_decode_stage1_decode_b16p2048_cg_on_b16_f1_p2048_layers5_backend_auto_cg_on_pcg_off_tp1_marker_on_profile_nsys,decode,16,2048,32768,1,on,True,14984148,14992276,8128,0.008128,0,1,13,288,8589934645.0,2.0,"[2, 66, 1]","[384, 1, 1]",bmm,torch,nvjet_tst_256x16_64x6_2x1_v_bz_TNT,nvjet_tst_256x16_64x6_2x1_v_bz_TNT
68,20260625_142332_decode_stage1_decode_b16p2048_cg_on_b16_f1_p2048_layers5_backend_auto_cg_on_pcg_off_tp1_marker_on_profile_nsys,decode,16,2048,32768,1,on,True,14992788,14994772,1984,0.001984,0,1,13,288,8589934646.0,2.0,"[1, 129, 1]","[8, 16, 1]",support,flashinfer,"void flashinfer::BatchQKApplyRotaryPosIdsCosSinCacheHeadParallelismKernel<(bool)1, (unsigned int)64, (unsigned int)8, (unsigned int)8, __nv_bfloat16, long>(T5 *, T5 *, T5 *, T5 *, float *, T6 *, unsigned int, unsigned int, unsigned int, unsigned int, unsigned long, unsigned long, unsigned long, unsigned long, unsigned long, unsigned long, unsigned long, unsigned long)",BatchQKApplyRotaryPosIdsCosSinCacheHeadParallelismKernel
69,20260625_142332_decode_stage1_decode_b16p2048_cg_on_b16_f1_p2048_layers5_backend_auto_cg_on_pcg_off_tp1_marker_on_profile_nsys,decode,16,2048,32768,1,on,True,14995316,14996724,1408,0.001408,0,1,13,288,8589934647.0,2.0,"[16, 5, 1]","[128, 1, 1]",attention_support,sglang_mla,set_mla_kv_buffer_kernel,set_mla_kv_buffer_kernel
70,20260625_142332_decode_stage1_decode_b16p2048_cg_on_b16_f1_p2048_layers5_backend_auto_cg_on_pcg_off_tp1_marker_on_profile_nsys,decode,16,2048,32768,1,on,True,14997172,15000884,3712,0.003712,0,1,13,288,8589934648.0,2.0,"[1, 1, 1]","[32, 1, 1]",attention,fa3,"void flash::prepare_varlen_num_blocks_kernel<(int)1, (bool)1>(int, int, int, const int *, const int *, const int *, const int *, const int *, const int *, int, int, int, int, int, cutlass::FastDivmod, cutlass::FastDivmod, int *, int *, int *, int *, int *, bool, bool, bool, int)",prepare_varlen_num_blocks_kernel
71,20260625_142332_decode_stage1_decode_b16p2048_cg_on_b16_f1_p2048_layers5_backend_auto_cg_on_pcg_off_tp1_marker_on_profile_nsys,decode,16,2048,32768,1,on,True,15001076,15033012,31936,0.031936,0,1,13,288,8589934649.0,2.0,"[132, 1, 1]","[384, 1, 1]",attention,fa3,"void cutlass::device_kernel<flash::enable_sm90_or_later<flash::FlashAttnFwdSm90<flash::CollectiveMainloopFwdSm90<(int)2, cute::tuple<cute::C<(int)1>, cute::C<(int)1>, cute::C<(int)1>>, cute::tuple<cute::C<(int)64>, cute::C<(int)64>, cute::C<(int)64>>, (int)512, cutlass::bfloat16_t, float, cutlass::arch::Sm90, (bool)0, (bool)0, (bool)0, (bool)1, (bool)1, (bool)0, (bool)1, (bool)0, (bool)0, (bool)1, (bool)1, (bool)0, cutlass::bfloat16_t>, flash::CollectiveEpilogueFwd<cute::tuple<cute::C<(int)64>, cute::C<(int)512>, cute::C<(int)64>>, cute::tuple<cute::C<(int)1>, cute::C<(int)1>, cute::C<(int)1>>, cutlass::bfloat16_t, cutlass::arch::Sm90, (int)256, (bool)1, (bool)1, (bool)1, (bool)0>, flash::VarlenDynamicPersistentTileScheduler<(int)64, (int)64, (int)256, (int)128, (bool)1, (bool)1, (bool)1, (bool)0, (bool)1, (bool)1>>>>(T1::Params)",device_kernel
72,20260625_142332_decode_stage1_decode_b16p2048_cg_on_b16_f1_p2048_layers5_backend_auto_cg_on_pcg_off_tp1_marker_on_profile_nsys,decode,16,2048,32768,1,on,True,15033268,15039988,6720,0.00672,0,1,13,288,8589934650.0,2.0,"[16, 4, 16]","[256, 1, 1]",attention,fa3,"void cutlass::device_kernel<flash::FlashAttnFwdCombine<cute::tuple<cute::C<(int)8>, cute::C<(int)128>>, (int)5, (int)256, (int)1, (bool)0, (bool)1, cutlass::bfloat16_t, float, cutlass::arch::Sm90>>(T1::Params)",device_kernel
73,20260625_142332_decode_stage1_decode_b16p2048_cg_on_b16_f1_p2048_layers5_backend_auto_cg_on_pcg_off_tp1_marker_on_profile_nsys,decode,16,2048,32768,1,on,True,15040404,15049780,9376,0.009376,0,1,13,288,8589934651.0,2.0,"[1, 128, 1]","[384, 1, 1]",bmm,torch,nvjet_tst_128x16_64x11_1x1_h_bz_TNT,nvjet_tst_128x16_64x11_1x1_h_bz_TNT
74,20260625_142332_decode_stage1_decode_b16p2048_cg_on_b16_f1_p2048_layers5_backend_auto_cg_on_pcg_off_tp1_marker_on_profile_nsys,decode,16,2048,32768,1,on,True,15050228,15052276,2048,0.002048,0,1,13,288,8589934652.0,2.0,"[128, 1, 1]","[256, 1, 1]",quant,sglang,"void per_token_group_quant_8bit_kernel<__nv_bfloat16, __nv_fp8_e4m3, (bool)1, (bool)0, float>(const T1 *, void *, T5 *, int, int, int, float, float, float, int, int)",per_token_group_quant_8bit_kernel
75,20260625_142332_decode_stage1_decode_b16p2048_cg_on_b16_f1_p2048_layers5_backend_auto_cg_on_pcg_off_tp1_marker_on_profile_nsys,decode,16,2048,32768,1,on,True,15052724,15101204,48480,0.04848,0,1,13,288,8589934653.0,2.0,"[112, 1, 1]","[256, 1, 1]",gemm,deepgemm,"void deep_gemm::sm90_fp8_gemm_1d2d_impl<(cute::UMMA::Major)0, (unsigned int)0, (unsigned int)7168, (unsigned int)16384, (unsigned int)1, (unsigned int)16, (unsigned int)64, (unsigned int)128, (unsigned int)128, (unsigned int)128, (unsigned int)128, (unsigned int)22, (unsigned int)18, (unsigned int)128, (unsigned int)128, (unsigned int)1, (bool)0, (unsigned int)112, (deep_gemm::GemmType)0, deep_gemm::EpilogueIdentity, (bool)0>(float *, int *, int *, unsigned int, unsigned int, unsigned int, CUtensorMap_st, CUtensorMap_st, CUtensorMap_st, CUtensorMap_st)",sm90_fp8_gemm_1d2d_impl
76,20260625_142332_decode_stage1_decode_b16p2048_cg_on_b16_f1_p2048_layers5_backend_auto_cg_on_pcg_off_tp1_marker_on_profile_nsys,decode,16,2048,32768,1,on,True,15101172,15104084,2912,0.002912,0,1,13,288,8589934654.0,2.0,"[16, 1, 1]","[32, 28, 1]",norm,flashinfer,"void flashinfer::norm::FusedAddRMSNormKernel<(unsigned int)8, __nv_bfloat16>(T2 *, T2 *, T2 *, unsigned int, unsigned int, unsigned int, float, float)",FusedAddRMSNormKernel
77,20260625_142332_decode_stage1_decode_b16p2048_cg_on_b16_f1_p2048_layers5_backend_auto_cg_on_pcg_off_tp1_marker_on_profile_nsys,decode,16,2048,32768,1,on,True,15104532,15106164,1632,0.001632,0,1,13,288,8589934655.0,2.0,"[56, 1, 1]","[256, 1, 1]",quant,sglang,"void per_token_group_quant_8bit_kernel<__nv_bfloat16, __nv_fp8_e4m3, (bool)1, (bool)0, float>(const T1 *, void *, T5 *, int, int, int, float, float, float, int, int)",per_token_group_quant_8bit_kernel
78,20260625_142332_decode_stage1_decode_b16p2048_cg_on_b16_f1_p2048_layers5_backend_auto_cg_on_pcg_off_tp1_marker_on_profile_nsys,decode,16,2048,32768,1,on,True,15106644,15196949,90305,0.090305,0,1,13,288,8589934656.0,2.0,"[128, 1, 1]","[256, 1, 1]",gemm,deepgemm,"void deep_gemm::sm90_fp8_gemm_1d2d_impl<(cute::UMMA::Major)0, (unsigned int)0, (unsigned int)36864, (unsigned int)7168, (unsigned int)1, (unsigned int)16, (unsigned int)144, (unsigned int)128, (unsigned int)128, (unsigned int)128, (unsigned int)32, (unsigned int)11, (unsigned int)1, (unsigned int)128, (unsigned int)128, (unsigned int)1, (bool)0, (unsigned int)128, (deep_gemm::GemmType)0, deep_gemm::EpilogueIdentity, (bool)0>(float *, int *, int *, unsigned int, unsigned int, unsigned int, CUtensorMap_st, CUtensorMap_st, CUtensorMap_st, CUtensorMap_st)",sm90_fp8_gemm_1d2d_impl
79,20260625_142332_decode_stage1_decode_b16p2048_cg_on_b16_f1_p2048_layers5_backend_auto_cg_on_pcg_off_tp1_marker_on_profile_nsys,decode,16,2048,32768,1,on,True,15197493,15202069,4576,0.004576,0,1,13,288,8589934657.0,2.0,"[16, 1, 1]","[1024, 1, 1]",activation,flashinfer,"void flashinfer::activation::act_and_mul_kernel<__nv_bfloat16, &silu<float>>(T1 *, const T1 *, int)",act_and_mul_kernel
80,20260625_142332_decode_stage1_decode_b16p2048_cg_on_b16_f1_p2048_layers5_backend_auto_cg_on_pcg_off_tp1_marker_on_profile_nsys,decode,16,2048,32768,1,on,True,15202453,15204469,2016,0.002016,0,1,13,288,8589934658.0,2.0,"[144, 1, 1]","[256, 1, 1]",quant,sglang,"void per_token_group_quant_8bit_kernel<__nv_bfloat16, __nv_fp8_e4m3, (bool)1, (bool)0, float>(const T1 *, void *, T5 *, int, int, int, float, float, float, int, int)",per_token_group_quant_8bit_kernel
81,20260625_142332_decode_stage1_decode_b16p2048_cg_on_b16_f1_p2048_layers5_backend_auto_cg_on_pcg_off_tp1_marker_on_profile_nsys,decode,16,2048,32768,1,on,True,15205109,15255156,50047,0.050047,0,1,13,288,8589934659.0,2.0,"[112, 1, 1]","[256, 1, 1]",gemm,deepgemm,"void deep_gemm::sm90_fp8_gemm_1d2d_impl<(cute::UMMA::Major)0, (unsigned int)0, (unsigned int)7168, (unsigned int)18432, (unsigned int)1, (unsigned int)16, (unsigned int)64, (unsigned int)128, (unsigned int)128, (unsigned int)128, (unsigned int)128, (unsigned int)22, (unsigned int)12, (unsigned int)128, (unsigned int)128, (unsigned int)1, (bool)0, (unsigned int)112, (deep_gemm::GemmType)0, deep_gemm::EpilogueIdentity, (bool)0>(float *, int *, int *, unsigned int, unsigned int, unsigned int, CUtensorMap_st, CUtensorMap_st, CUtensorMap_st, CUtensorMap_st)",sm90_fp8_gemm_1d2d_impl
82,20260625_142332_decode_stage1_decode_b16p2048_cg_on_b16_f1_p2048_layers5_backend_auto_cg_on_pcg_off_tp1_marker_on_profile_nsys,decode,16,2048,32768,1,on,True,15255157,15258293,3136,0.003136,0,1,13,288,8589934660.0,2.0,"[16, 1, 1]","[32, 28, 1]",norm,flashinfer,"void flashinfer::norm::FusedAddRMSNormKernel<(unsigned int)8, __nv_bfloat16>(T2 *, T2 *, T2 *, unsigned int, unsigned int, unsigned int, float, float)",FusedAddRMSNormKernel
83,20260625_142332_decode_stage1_decode_b16p2048_cg_on_b16_f1_p2048_layers5_backend_auto_cg_on_pcg_off_tp1_marker_on_profile_nsys,decode,16,2048,32768,1,on,True,15258709,15260405,1696,0.001696,0,1,13,288,8589934661.0,2.0,"[56, 1, 1]","[256, 1, 1]",quant,sglang,"void per_token_group_quant_8bit_kernel<__nv_bfloat16, __nv_fp8_e4m3, (bool)1, (bool)0, float>(const T1 *, void *, T5 *, int, int, int, float, float, float, int, int)",per_token_group_quant_8bit_kernel
84,20260625_142332_decode_stage1_decode_b16p2048_cg_on_b16_f1_p2048_layers5_backend_auto_cg_on_pcg_off_tp1_marker_on_profile_nsys,decode,16,2048,32768,1,on,True,15260885,15270645,9760,0.00976,0,1,13,288,8589934662.0,2.0,"[132, 1, 1]","[256, 1, 1]",gemm,deepgemm,"void deep_gemm::sm90_fp8_gemm_1d2d_impl<(cute::UMMA::Major)0, (unsigned int)0, (unsigned int)2112, (unsigned int)7168, (unsigned int)1, (unsigned int)16, (unsigned int)16, (unsigned int)128, (unsigned int)128, (unsigned int)128, (unsigned int)32, (unsigned int)32, (unsigned int)24, (unsigned int)128, (unsigned int)128, (unsigned int)1, (bool)0, (unsigned int)132, (deep_gemm::GemmType)0, deep_gemm::EpilogueIdentity, (bool)0>(float *, int *, int *, unsigned int, unsigned int, unsigned int, CUtensorMap_st, CUtensorMap_st, CUtensorMap_st, CUtensorMap_st)",sm90_fp8_gemm_1d2d_impl
85,20260625_142332_decode_stage1_decode_b16p2048_cg_on_b16_f1_p2048_layers5_backend_auto_cg_on_pcg_off_tp1_marker_on_profile_nsys,decode,16,2048,32768,1,on,True,15270805,15272853,2048,0.002048,0,1,13,288,8589934663.0,2.0,"[16, 1, 1]","[32, 6, 1]",norm,flashinfer,"void flashinfer::norm::RMSNormKernel<(unsigned int)8, __nv_bfloat16>(T2 *, T2 *, T2 *, unsigned int, unsigned int, unsigned int, float, float)",RMSNormKernel
86,20260625_142332_decode_stage1_decode_b16p2048_cg_on_b16_f1_p2048_layers5_backend_auto_cg_on_pcg_off_tp1_marker_on_profile_nsys,decode,16,2048,32768,1,on,True,15271093,15273013,1920,0.00192,0,1,142,288,8589934664.0,2.0,"[16, 1, 1]","[32, 2, 1]",norm,flashinfer,"void flashinfer::norm::RMSNormKernel<(unsigned int)8, __nv_bfloat16>(T2 *, T2 *, T2 *, unsigned int, unsigned int, unsigned int, float, float)",RMSNormKernel
87,20260625_142332_decode_stage1_decode_b16p2048_cg_on_b16_f1_p2048_layers5_backend_auto_cg_on_pcg_off_tp1_marker_on_profile_nsys,decode,16,2048,32768,1,on,True,15273461,15275125,1664,0.001664,0,1,13,288,8589934665.0,2.0,"[12, 1, 1]","[256, 1, 1]",quant,sglang,"void per_token_group_quant_8bit_kernel<__nv_bfloat16, __nv_fp8_e4m3, (bool)1, (bool)0, float>(const T1 *, void *, T5 *, int, int, int, float, float, float, int, int)",per_token_group_quant_8bit_kernel
88,20260625_142332_decode_stage1_decode_b16p2048_cg_on_b16_f1_p2048_layers5_backend_auto_cg_on_pcg_off_tp1_marker_on_profile_nsys,decode,16,2048,32768,1,on,True,15275669,15293557,17888,0.017888,0,1,13,288,8589934666.0,2.0,"[128, 1, 1]","[256, 1, 1]",gemm,deepgemm,"void deep_gemm::sm90_fp8_gemm_1d2d_impl<(cute::UMMA::Major)0, (unsigned int)0, (unsigned int)24576, (unsigned int)1536, (unsigned int)1, (unsigned int)16, (unsigned int)192, (unsigned int)128, (unsigned int)128, (unsigned int)128, (unsigned int)128, (unsigned int)4, (unsigned int)0, (unsigned int)128, (unsigned int)128, (unsigned int)1, (bool)0, (unsigned int)128, (deep_gemm::GemmType)0, deep_gemm::EpilogueIdentity, (bool)0>(float *, int *, int *, unsigned int, unsigned int, unsigned int, CUtensorMap_st, CUtensorMap_st, CUtensorMap_st, CUtensorMap_st)",sm90_fp8_gemm_1d2d_impl
89,20260625_142332_decode_stage1_decode_b16p2048_cg_on_b16_f1_p2048_layers5_backend_auto_cg_on_pcg_off_tp1_marker_on_profile_nsys,decode,16,2048,32768,1,on,True,15294133,15303221,9088,0.009088,0,1,13,288,8589934667.0,2.0,"[2, 66, 1]","[384, 1, 1]",bmm,torch,nvjet_tst_256x16_64x6_2x1_v_bz_TNT,nvjet_tst_256x16_64x6_2x1_v_bz_TNT
90,20260625_142332_decode_stage1_decode_b16p2048_cg_on_b16_f1_p2048_layers5_backend_auto_cg_on_pcg_off_tp1_marker_on_profile_nsys,decode,16,2048,32768,1,on,True,15303733,15305653,1920,0.00192,0,1,13,288,8589934668.0,2.0,"[1, 129, 1]","[8, 16, 1]",support,flashinfer,"void flashinfer::BatchQKApplyRotaryPosIdsCosSinCacheHeadParallelismKernel<(bool)1, (unsigned int)64, (unsigned int)8, (unsigned int)8, __nv_bfloat16, long>(T5 *, T5 *, T5 *, T5 *, float *, T6 *, unsigned int, unsigned int, unsigned int, unsigned int, unsigned long, unsigned long, unsigned long, unsigned long, unsigned long, unsigned long, unsigned long, unsigned long)",BatchQKApplyRotaryPosIdsCosSinCacheHeadParallelismKernel
91,20260625_142332_decode_stage1_decode_b16p2048_cg_on_b16_f1_p2048_layers5_backend_auto_cg_on_pcg_off_tp1_marker_on_profile_nsys,decode,16,2048,32768,1,on,True,15306101,15307477,1376,0.001376,0,1,13,288,8589934669.0,2.0,"[16, 5, 1]","[128, 1, 1]",attention_support,sglang_mla,set_mla_kv_buffer_kernel,set_mla_kv_buffer_kernel
92,20260625_142332_decode_stage1_decode_b16p2048_cg_on_b16_f1_p2048_layers5_backend_auto_cg_on_pcg_off_tp1_marker_on_profile_nsys,decode,16,2048,32768,1,on,True,15307925,15311125,3200,0.0032,0,1,13,288,8589934670.0,2.0,"[1, 1, 1]","[32, 1, 1]",attention,fa3,"void flash::prepare_varlen_num_blocks_kernel<(int)1, (bool)1>(int, int, int, const int *, const int *, const int *, const int *, const int *, const int *, int, int, int, int, int, cutlass::FastDivmod, cutlass::FastDivmod, int *, int *, int *, int *, int *, bool, bool, bool, int)",prepare_varlen_num_blocks_kernel
93,20260625_142332_decode_stage1_decode_b16p2048_cg_on_b16_f1_p2048_layers5_backend_auto_cg_on_pcg_off_tp1_marker_on_profile_nsys,decode,16,2048,32768,1,on,True,15311285,15343412,32127,0.032127,0,1,13,288,8589934671.0,2.0,"[132, 1, 1]","[384, 1, 1]",attention,fa3,"void cutlass::device_kernel<flash::enable_sm90_or_later<flash::FlashAttnFwdSm90<flash::CollectiveMainloopFwdSm90<(int)2, cute::tuple<cute::C<(int)1>, cute::C<(int)1>, cute::C<(int)1>>, cute::tuple<cute::C<(int)64>, cute::C<(int)64>, cute::C<(int)64>>, (int)512, cutlass::bfloat16_t, float, cutlass::arch::Sm90, (bool)0, (bool)0, (bool)0, (bool)1, (bool)1, (bool)0, (bool)1, (bool)0, (bool)0, (bool)1, (bool)1, (bool)0, cutlass::bfloat16_t>, flash::CollectiveEpilogueFwd<cute::tuple<cute::C<(int)64>, cute::C<(int)512>, cute::C<(int)64>>, cute::tuple<cute::C<(int)1>, cute::C<(int)1>, cute::C<(int)1>>, cutlass::bfloat16_t, cutlass::arch::Sm90, (int)256, (bool)1, (bool)1, (bool)1, (bool)0>, flash::VarlenDynamicPersistentTileScheduler<(int)64, (int)64, (int)256, (int)128, (bool)1, (bool)1, (bool)1, (bool)0, (bool)1, (bool)1>>>>(T1::Params)",device_kernel
94,20260625_142332_decode_stage1_decode_b16p2048_cg_on_b16_f1_p2048_layers5_backend_auto_cg_on_pcg_off_tp1_marker_on_profile_nsys,decode,16,2048,32768,1,on,True,15343413,15350389,6976,0.006976,0,1,13,288,8589934672.0,2.0,"[16, 4, 16]","[256, 1, 1]",attention,fa3,"void cutlass::device_kernel<flash::FlashAttnFwdCombine<cute::tuple<cute::C<(int)8>, cute::C<(int)128>>, (int)5, (int)256, (int)1, (bool)0, (bool)1, cutlass::bfloat16_t, float, cutlass::arch::Sm90>>(T1::Params)",device_kernel
95,20260625_142332_decode_stage1_decode_b16p2048_cg_on_b16_f1_p2048_layers5_backend_auto_cg_on_pcg_off_tp1_marker_on_profile_nsys,decode,16,2048,32768,1,on,True,15350805,15360309,9504,0.009504,0,1,13,288,8589934673.0,2.0,"[1, 128, 1]","[384, 1, 1]",bmm,torch,nvjet_tst_128x16_64x11_1x1_h_bz_TNT,nvjet_tst_128x16_64x11_1x1_h_bz_TNT
96,20260625_142332_decode_stage1_decode_b16p2048_cg_on_b16_f1_p2048_layers5_backend_auto_cg_on_pcg_off_tp1_marker_on_profile_nsys,decode,16,2048,32768,1,on,True,15360789,15362805,2016,0.002016,0,1,13,288,8589934674.0,2.0,"[128, 1, 1]","[256, 1, 1]",quant,sglang,"void per_token_group_quant_8bit_kernel<__nv_bfloat16, __nv_fp8_e4m3, (bool)1, (bool)0, float>(const T1 *, void *, T5 *, int, int, int, float, float, float, int, int)",per_token_group_quant_8bit_kernel
97,20260625_142332_decode_stage1_decode_b16p2048_cg_on_b16_f1_p2048_layers5_backend_auto_cg_on_pcg_off_tp1_marker_on_profile_nsys,decode,16,2048,32768,1,on,True,15363253,15412853,49600,0.0496,0,1,13,288,8589934675.0,2.0,"[112, 1, 1]","[256, 1, 1]",gemm,deepgemm,"void deep_gemm::sm90_fp8_gemm_1d2d_impl<(cute::UMMA::Major)0, (unsigned int)0, (unsigned int)7168, (unsigned int)16384, (unsigned int)1, (unsigned int)16, (unsigned int)64, (unsigned int)128, (unsigned int)128, (unsigned int)128, (unsigned int)128, (unsigned int)22, (unsigned int)18, (unsigned int)128, (unsigned int)128, (unsigned int)1, (bool)0, (unsigned int)112, (deep_gemm::GemmType)0, deep_gemm::EpilogueIdentity, (bool)0>(float *, int *, int *, unsigned int, unsigned int, unsigned int, CUtensorMap_st, CUtensorMap_st, CUtensorMap_st, CUtensorMap_st)",sm90_fp8_gemm_1d2d_impl
98,20260625_142332_decode_stage1_decode_b16p2048_cg_on_b16_f1_p2048_layers5_backend_auto_cg_on_pcg_off_tp1_marker_on_profile_nsys,decode,16,2048,32768,1,on,True,15413013,15415989,2976,0.002976,0,1,13,288,8589934676.0,2.0,"[16, 1, 1]","[32, 28, 1]",norm,flashinfer,"void flashinfer::norm::FusedAddRMSNormKernel<(unsigned int)8, __nv_bfloat16>(T2 *, T2 *, T2 *, unsigned int, unsigned int, unsigned int, float, float)",FusedAddRMSNormKernel
99,20260625_142332_decode_stage1_decode_b16p2048_cg_on_b16_f1_p2048_layers5_backend_auto_cg_on_pcg_off_tp1_marker_on_profile_nsys,decode,16,2048,32768,1,on,True,15415925,15422069,6144,0.006144,0,1,13,288,8589934677.0,2.0,"[256, 1, 1]","[128, 1, 1]",other,unknown,"void router_gemm_kernel_float_output<__nv_bfloat16, (int)128, (int)8, (int)16, (int)256, (int)7168>(float *, const T1 *, const T1 *)",router_gemm_kernel_float_output
100,20260625_142332_decode_stage1_decode_b16p2048_cg_on_b16_f1_p2048_layers5_backend_auto_cg_on_pcg_off_tp1_marker_on_profile_nsys,decode,16,2048,32768,1,on,True,15422741,15434741,12000,0.012,0,1,13,288,8589934678.0,2.0,"[1, 1, 1]","[32, 6, 1]",other,unknown,"void moe_fused_gate_kernel<float, (int)32, (int)256, (int)8, (int)4, (int)24, (int)6>(void *, void *, float *, int *, long, long, long, long, double, bool)",moe_fused_gate_kernel
101,20260625_142332_decode_stage1_decode_b16p2048_cg_on_b16_f1_p2048_layers5_backend_auto_cg_on_pcg_off_tp1_marker_on_profile_nsys,decode,16,2048,32768,1,on,True,15435157,15437813,2656,0.002656,0,1,13,288,8589934679.0,2.0,"[2, 1, 1]","[1024, 1, 1]",other,unknown,"void moe_align_block_size_kernel<int>(const T1 *, int *, int *, int *, int, int, unsigned long, int *, bool, int, int)",moe_align_block_size_kernel
102,20260625_142332_decode_stage1_decode_b16p2048_cg_on_b16_f1_p2048_layers5_backend_auto_cg_on_pcg_off_tp1_marker_on_profile_nsys,decode,16,2048,32768,1,on,True,15438229,15439637,1408,0.001408,0,1,13,288,8589934680.0,2.0,"[1, 1, 1]","[256, 1, 1]",other,unknown,"void count_and_sort_expert_tokens_kernel<int>(const T1 *, int *, int *, unsigned long)",count_and_sort_expert_tokens_kernel
103,20260625_142332_decode_stage1_decode_b16p2048_cg_on_b16_f1_p2048_layers5_backend_auto_cg_on_pcg_off_tp1_marker_on_profile_nsys,decode,16,2048,32768,1,on,True,15440053,15441877,1824,0.001824,0,1,13,288,8589934681.0,2.0,"[56, 1, 1]","[256, 1, 1]",quant,sglang,"void per_token_group_quant_8bit_kernel<__nv_bfloat16, __nv_fp8_e4m3, (bool)0, (bool)0, float>(const T1 *, void *, T5 *, int, int, int, float, float, float, int, int)",per_token_group_quant_8bit_kernel
104,20260625_142332_decode_stage1_decode_b16p2048_cg_on_b16_f1_p2048_layers5_backend_auto_cg_on_pcg_off_tp1_marker_on_profile_nsys,decode,16,2048,32768,1,on,True,15442389,15557717,115328,0.115328,0,1,13,288,8589934682.0,2.0,"[4608, 1, 1]","[128, 1, 1]",other,unknown,fused_moe_kernel,fused_moe_kernel
105,20260625_142332_decode_stage1_decode_b16p2048_cg_on_b16_f1_p2048_layers5_backend_auto_cg_on_pcg_off_tp1_marker_on_profile_nsys,decode,16,2048,32768,1,on,True,15557973,15559957,1984,0.001984,0,1,13,288,8589934683.0,2.0,"[144, 1, 1]","[256, 1, 1]",activation,flashinfer,"void flashinfer::activation::act_and_mul_kernel<__nv_bfloat16, &silu<float>>(T1 *, const T1 *, int)",act_and_mul_kernel
106,20260625_142332_decode_stage1_decode_b16p2048_cg_on_b16_f1_p2048_layers5_backend_auto_cg_on_pcg_off_tp1_marker_on_profile_nsys,decode,16,2048,32768,1,on,True,15560373,15562229,1856,0.001856,0,1,13,288,8589934684.0,2.0,"[144, 1, 1]","[256, 1, 1]",quant,sglang,"void per_token_group_quant_8bit_kernel<__nv_bfloat16, __nv_fp8_e4m3, (bool)0, (bool)0, float>(const T1 *, void *, T5 *, int, int, int, float, float, float, int, int)",per_token_group_quant_8bit_kernel
107,20260625_142332_decode_stage1_decode_b16p2048_cg_on_b16_f1_p2048_layers5_backend_auto_cg_on_pcg_off_tp1_marker_on_profile_nsys,decode,16,2048,32768,1,on,True,15562645,15624437,61792,0.061792,0,1,13,288,8589934685.0,2.0,"[8064, 1, 1]","[128, 1, 1]",other,unknown,fused_moe_kernel,fused_moe_kernel
108,20260625_142332_decode_stage1_decode_b16p2048_cg_on_b16_f1_p2048_layers5_backend_auto_cg_on_pcg_off_tp1_marker_on_profile_nsys,decode,16,2048,32768,1,on,True,15624693,15629109,4416,0.004416,0,1,13,288,8589934686.0,2.0,"[3584, 1, 1]","[128, 1, 1]",triton_misc,triton,triton_per_fused_copy__mul_sum_0,triton_per_fused_copy__mul_sum_0
109,20260625_142332_decode_stage1_decode_b16p2048_cg_on_b16_f1_p2048_layers5_backend_auto_cg_on_pcg_off_tp1_marker_on_profile_nsys,decode,16,2048,32768,1,on,True,15629269,15632245,2976,0.002976,0,1,13,288,8589934687.0,2.0,"[16, 1, 1]","[32, 28, 1]",norm,flashinfer,"void flashinfer::norm::FusedAddRMSNormKernel<(unsigned int)8, __nv_bfloat16>(T2 *, T2 *, T2 *, unsigned int, unsigned int, unsigned int, float, float)",FusedAddRMSNormKernel
110,20260625_142332_decode_stage1_decode_b16p2048_cg_on_b16_f1_p2048_layers5_backend_auto_cg_on_pcg_off_tp1_marker_on_profile_nsys,decode,16,2048,32768,1,on,True,15632661,15634485,1824,0.001824,0,1,13,288,8589934688.0,2.0,"[56, 1, 1]","[256, 1, 1]",quant,sglang,"void per_token_group_quant_8bit_kernel<__nv_bfloat16, __nv_fp8_e4m3, (bool)1, (bool)0, float>(const T1 *, void *, T5 *, int, int, int, float, float, float, int, int)",per_token_group_quant_8bit_kernel
111,20260625_142332_decode_stage1_decode_b16p2048_cg_on_b16_f1_p2048_layers5_backend_auto_cg_on_pcg_off_tp1_marker_on_profile_nsys,decode,16,2048,32768,1,on,True,15634997,15644597,9600,0.0096,0,1,13,288,8589934689.0,2.0,"[132, 1, 1]","[256, 1, 1]",gemm,deepgemm,"void deep_gemm::sm90_fp8_gemm_1d2d_impl<(cute::UMMA::Major)0, (unsigned int)0, (unsigned int)2112, (unsigned int)7168, (unsigned int)1, (unsigned int)16, (unsigned int)16, (unsigned int)128, (unsigned int)128, (unsigned int)128, (unsigned int)32, (unsigned int)32, (unsigned int)24, (unsigned int)128, (unsigned int)128, (unsigned int)1, (bool)0, (unsigned int)132, (deep_gemm::GemmType)0, deep_gemm::EpilogueIdentity, (bool)0>(float *, int *, int *, unsigned int, unsigned int, unsigned int, CUtensorMap_st, CUtensorMap_st, CUtensorMap_st, CUtensorMap_st)",sm90_fp8_gemm_1d2d_impl
112,20260625_142332_decode_stage1_decode_b16p2048_cg_on_b16_f1_p2048_layers5_backend_auto_cg_on_pcg_off_tp1_marker_on_profile_nsys,decode,16,2048,32768,1,on,True,15644885,15646805,1920,0.00192,0,1,13,288,8589934690.0,2.0,"[16, 1, 1]","[32, 6, 1]",norm,flashinfer,"void flashinfer::norm::RMSNormKernel<(unsigned int)8, __nv_bfloat16>(T2 *, T2 *, T2 *, unsigned int, unsigned int, unsigned int, float, float)",RMSNormKernel
113,20260625_142332_decode_stage1_decode_b16p2048_cg_on_b16_f1_p2048_layers5_backend_auto_cg_on_pcg_off_tp1_marker_on_profile_nsys,decode,16,2048,32768,1,on,True,15645077,15647061,1984,0.001984,0,1,142,288,8589934691.0,2.0,"[16, 1, 1]","[32, 2, 1]",norm,flashinfer,"void flashinfer::norm::RMSNormKernel<(unsigned int)8, __nv_bfloat16>(T2 *, T2 *, T2 *, unsigned int, unsigned int, unsigned int, float, float)",RMSNormKernel
114,20260625_142332_decode_stage1_decode_b16p2048_cg_on_b16_f1_p2048_layers5_backend_auto_cg_on_pcg_off_tp1_marker_on_profile_nsys,decode,16,2048,32768,1,on,True,15648085,15649653,1568,0.001568,0,1,13,288,8589934692.0,2.0,"[12, 1, 1]","[256, 1, 1]",quant,sglang,"void per_token_group_quant_8bit_kernel<__nv_bfloat16, __nv_fp8_e4m3, (bool)1, (bool)0, float>(const T1 *, void *, T5 *, int, int, int, float, float, float, int, int)",per_token_group_quant_8bit_kernel
115,20260625_142332_decode_stage1_decode_b16p2048_cg_on_b16_f1_p2048_layers5_backend_auto_cg_on_pcg_off_tp1_marker_on_profile_nsys,decode,16,2048,32768,1,on,True,15650357,15666837,16480,0.01648,0,1,13,288,8589934693.0,2.0,"[128, 1, 1]","[256, 1, 1]",gemm,deepgemm,"void deep_gemm::sm90_fp8_gemm_1d2d_impl<(cute::UMMA::Major)0, (unsigned int)0, (unsigned int)24576, (unsigned int)1536, (unsigned int)1, (unsigned int)16, (unsigned int)192, (unsigned int)128, (unsigned int)128, (unsigned int)128, (unsigned int)128, (unsigned int)4, (unsigned int)0, (unsigned int)128, (unsigned int)128, (unsigned int)1, (bool)0, (unsigned int)128, (deep_gemm::GemmType)0, deep_gemm::EpilogueIdentity, (bool)0>(float *, int *, int *, unsigned int, unsigned int, unsigned int, CUtensorMap_st, CUtensorMap_st, CUtensorMap_st, CUtensorMap_st)",sm90_fp8_gemm_1d2d_impl
116,20260625_142332_decode_stage1_decode_b16p2048_cg_on_b16_f1_p2048_layers5_backend_auto_cg_on_pcg_off_tp1_marker_on_profile_nsys,decode,16,2048,32768,1,on,True,15667413,15675829,8416,0.008416,0,1,13,288,8589934694.0,2.0,"[2, 66, 1]","[384, 1, 1]",bmm,torch,nvjet_tst_256x16_64x6_2x1_v_bz_TNT,nvjet_tst_256x16_64x6_2x1_v_bz_TNT
117,20260625_142332_decode_stage1_decode_b16p2048_cg_on_b16_f1_p2048_layers5_backend_auto_cg_on_pcg_off_tp1_marker_on_profile_nsys,decode,16,2048,32768,1,on,True,15676277,15678197,1920,0.00192,0,1,13,288,8589934695.0,2.0,"[1, 129, 1]","[8, 16, 1]",support,flashinfer,"void flashinfer::BatchQKApplyRotaryPosIdsCosSinCacheHeadParallelismKernel<(bool)1, (unsigned int)64, (unsigned int)8, (unsigned int)8, __nv_bfloat16, long>(T5 *, T5 *, T5 *, T5 *, float *, T6 *, unsigned int, unsigned int, unsigned int, unsigned int, unsigned long, unsigned long, unsigned long, unsigned long, unsigned long, unsigned long, unsigned long, unsigned long)",BatchQKApplyRotaryPosIdsCosSinCacheHeadParallelismKernel
118,20260625_142332_decode_stage1_decode_b16p2048_cg_on_b16_f1_p2048_layers5_backend_auto_cg_on_pcg_off_tp1_marker_on_profile_nsys,decode,16,2048,32768,1,on,True,15678613,15679989,1376,0.001376,0,1,13,288,8589934696.0,2.0,"[16, 5, 1]","[128, 1, 1]",attention_support,sglang_mla,set_mla_kv_buffer_kernel,set_mla_kv_buffer_kernel
119,20260625_142332_decode_stage1_decode_b16p2048_cg_on_b16_f1_p2048_layers5_backend_auto_cg_on_pcg_off_tp1_marker_on_profile_nsys,decode,16,2048,32768,1,on,True,15680405,15683797,3392,0.003392,0,1,13,288,8589934697.0,2.0,"[1, 1, 1]","[32, 1, 1]",attention,fa3,"void flash::prepare_varlen_num_blocks_kernel<(int)1, (bool)1>(int, int, int, const int *, const int *, const int *, const int *, const int *, const int *, int, int, int, int, int, cutlass::FastDivmod, cutlass::FastDivmod, int *, int *, int *, int *, int *, bool, bool, bool, int)",prepare_varlen_num_blocks_kernel
120,20260625_142332_decode_stage1_decode_b16p2048_cg_on_b16_f1_p2048_layers5_backend_auto_cg_on_pcg_off_tp1_marker_on_profile_nsys,decode,16,2048,32768,1,on,True,15683957,15717013,33056,0.033056,0,1,13,288,8589934698.0,2.0,"[132, 1, 1]","[384, 1, 1]",attention,fa3,"void cutlass::device_kernel<flash::enable_sm90_or_later<flash::FlashAttnFwdSm90<flash::CollectiveMainloopFwdSm90<(int)2, cute::tuple<cute::C<(int)1>, cute::C<(int)1>, cute::C<(int)1>>, cute::tuple<cute::C<(int)64>, cute::C<(int)64>, cute::C<(int)64>>, (int)512, cutlass::bfloat16_t, float, cutlass::arch::Sm90, (bool)0, (bool)0, (bool)0, (bool)1, (bool)1, (bool)0, (bool)1, (bool)0, (bool)0, (bool)1, (bool)1, (bool)0, cutlass::bfloat16_t>, flash::CollectiveEpilogueFwd<cute::tuple<cute::C<(int)64>, cute::C<(int)512>, cute::C<(int)64>>, cute::tuple<cute::C<(int)1>, cute::C<(int)1>, cute::C<(int)1>>, cutlass::bfloat16_t, cutlass::arch::Sm90, (int)256, (bool)1, (bool)1, (bool)1, (bool)0>, flash::VarlenDynamicPersistentTileScheduler<(int)64, (int)64, (int)256, (int)128, (bool)1, (bool)1, (bool)1, (bool)0, (bool)1, (bool)1>>>>(T1::Params)",device_kernel
121,20260625_142332_decode_stage1_decode_b16p2048_cg_on_b16_f1_p2048_layers5_backend_auto_cg_on_pcg_off_tp1_marker_on_profile_nsys,decode,16,2048,32768,1,on,True,15717685,15724821,7136,0.007136,0,1,13,288,8589934699.0,2.0,"[16, 4, 16]","[256, 1, 1]",attention,fa3,"void cutlass::device_kernel<flash::FlashAttnFwdCombine<cute::tuple<cute::C<(int)8>, cute::C<(int)128>>, (int)5, (int)256, (int)1, (bool)0, (bool)1, cutlass::bfloat16_t, float, cutlass::arch::Sm90>>(T1::Params)",device_kernel
122,20260625_142332_decode_stage1_decode_b16p2048_cg_on_b16_f1_p2048_layers5_backend_auto_cg_on_pcg_off_tp1_marker_on_profile_nsys,decode,16,2048,32768,1,on,True,15725493,15734741,9248,0.009248,0,1,13,288,8589934700.0,2.0,"[1, 128, 1]","[384, 1, 1]",bmm,torch,nvjet_tst_128x16_64x11_1x1_h_bz_TNT,nvjet_tst_128x16_64x11_1x1_h_bz_TNT
123,20260625_142332_decode_stage1_decode_b16p2048_cg_on_b16_f1_p2048_layers5_backend_auto_cg_on_pcg_off_tp1_marker_on_profile_nsys,decode,16,2048,32768,1,on,True,15735285,15737301,2016,0.002016,0,1,13,288,8589934701.0,2.0,"[128, 1, 1]","[256, 1, 1]",quant,sglang,"void per_token_group_quant_8bit_kernel<__nv_bfloat16, __nv_fp8_e4m3, (bool)1, (bool)0, float>(const T1 *, void *, T5 *, int, int, int, float, float, float, int, int)",per_token_group_quant_8bit_kernel
124,20260625_142332_decode_stage1_decode_b16p2048_cg_on_b16_f1_p2048_layers5_backend_auto_cg_on_pcg_off_tp1_marker_on_profile_nsys,decode,16,2048,32768,1,on,True,15737749,15787380,49631,0.049631,0,1,13,288,8589934702.0,2.0,"[112, 1, 1]","[256, 1, 1]",gemm,deepgemm,"void deep_gemm::sm90_fp8_gemm_1d2d_impl<(cute::UMMA::Major)0, (unsigned int)0, (unsigned int)7168, (unsigned int)16384, (unsigned int)1, (unsigned int)16, (unsigned int)64, (unsigned int)128, (unsigned int)128, (unsigned int)128, (unsigned int)128, (unsigned int)22, (unsigned int)18, (unsigned int)128, (unsigned int)128, (unsigned int)1, (bool)0, (unsigned int)112, (deep_gemm::GemmType)0, deep_gemm::EpilogueIdentity, (bool)0>(float *, int *, int *, unsigned int, unsigned int, unsigned int, CUtensorMap_st, CUtensorMap_st, CUtensorMap_st, CUtensorMap_st)",sm90_fp8_gemm_1d2d_impl
125,20260625_142332_decode_stage1_decode_b16p2048_cg_on_b16_f1_p2048_layers5_backend_auto_cg_on_pcg_off_tp1_marker_on_profile_nsys,decode,16,2048,32768,1,on,True,15787381,15790581,3200,0.0032,0,1,13,288,8589934703.0,2.0,"[16, 1, 1]","[32, 28, 1]",norm,flashinfer,"void flashinfer::norm::FusedAddRMSNormKernel<(unsigned int)8, __nv_bfloat16>(T2 *, T2 *, T2 *, unsigned int, unsigned int, unsigned int, float, float)",FusedAddRMSNormKernel
126,20260625_142332_decode_stage1_decode_b16p2048_cg_on_b16_f1_p2048_layers5_backend_auto_cg_on_pcg_off_tp1_marker_on_profile_nsys,decode,16,2048,32768,1,on,True,15790805,15796885,6080,0.00608,0,1,13,288,8589934704.0,2.0,"[256, 1, 1]","[128, 1, 1]",other,unknown,"void router_gemm_kernel_float_output<__nv_bfloat16, (int)128, (int)8, (int)16, (int)256, (int)7168>(float *, const T1 *, const T1 *)",router_gemm_kernel_float_output
127,20260625_142332_decode_stage1_decode_b16p2048_cg_on_b16_f1_p2048_layers5_backend_auto_cg_on_pcg_off_tp1_marker_on_profile_nsys,decode,16,2048,32768,1,on,True,15797813,15809973,12160,0.01216,0,1,13,288,8589934705.0,2.0,"[1, 1, 1]","[32, 6, 1]",other,unknown,"void moe_fused_gate_kernel<float, (int)32, (int)256, (int)8, (int)4, (int)24, (int)6>(void *, void *, float *, int *, long, long, long, long, double, bool)",moe_fused_gate_kernel
128,20260625_142332_decode_stage1_decode_b16p2048_cg_on_b16_f1_p2048_layers5_backend_auto_cg_on_pcg_off_tp1_marker_on_profile_nsys,decode,16,2048,32768,1,on,True,15810389,15813077,2688,0.002688,0,1,13,288,8589934706.0,2.0,"[2, 1, 1]","[1024, 1, 1]",other,unknown,"void moe_align_block_size_kernel<int>(const T1 *, int *, int *, int *, int, int, unsigned long, int *, bool, int, int)",moe_align_block_size_kernel
129,20260625_142332_decode_stage1_decode_b16p2048_cg_on_b16_f1_p2048_layers5_backend_auto_cg_on_pcg_off_tp1_marker_on_profile_nsys,decode,16,2048,32768,1,on,True,15813461,15814837,1376,0.001376,0,1,13,288,8589934707.0,2.0,"[1, 1, 1]","[256, 1, 1]",other,unknown,"void count_and_sort_expert_tokens_kernel<int>(const T1 *, int *, int *, unsigned long)",count_and_sort_expert_tokens_kernel
130,20260625_142332_decode_stage1_decode_b16p2048_cg_on_b16_f1_p2048_layers5_backend_auto_cg_on_pcg_off_tp1_marker_on_profile_nsys,decode,16,2048,32768,1,on,True,15815285,15817077,1792,0.001792,0,1,13,288,8589934708.0,2.0,"[56, 1, 1]","[256, 1, 1]",quant,sglang,"void per_token_group_quant_8bit_kernel<__nv_bfloat16, __nv_fp8_e4m3, (bool)0, (bool)0, float>(const T1 *, void *, T5 *, int, int, int, float, float, float, int, int)",per_token_group_quant_8bit_kernel
131,20260625_142332_decode_stage1_decode_b16p2048_cg_on_b16_f1_p2048_layers5_backend_auto_cg_on_pcg_off_tp1_marker_on_profile_nsys,decode,16,2048,32768,1,on,True,15817557,15933365,115808,0.115808,0,1,13,288,8589934709.0,2.0,"[4608, 1, 1]","[128, 1, 1]",other,unknown,fused_moe_kernel,fused_moe_kernel
132,20260625_142332_decode_stage1_decode_b16p2048_cg_on_b16_f1_p2048_layers5_backend_auto_cg_on_pcg_off_tp1_marker_on_profile_nsys,decode,16,2048,32768,1,on,True,15933621,15935637,2016,0.002016,0,1,13,288,8589934710.0,2.0,"[144, 1, 1]","[256, 1, 1]",activation,flashinfer,"void flashinfer::activation::act_and_mul_kernel<__nv_bfloat16, &silu<float>>(T1 *, const T1 *, int)",act_and_mul_kernel
133,20260625_142332_decode_stage1_decode_b16p2048_cg_on_b16_f1_p2048_layers5_backend_auto_cg_on_pcg_off_tp1_marker_on_profile_nsys,decode,16,2048,32768,1,on,True,15936021,15937973,1952,0.001952,0,1,13,288,8589934711.0,2.0,"[144, 1, 1]","[256, 1, 1]",quant,sglang,"void per_token_group_quant_8bit_kernel<__nv_bfloat16, __nv_fp8_e4m3, (bool)0, (bool)0, float>(const T1 *, void *, T5 *, int, int, int, float, float, float, int, int)",per_token_group_quant_8bit_kernel
134,20260625_142332_decode_stage1_decode_b16p2048_cg_on_b16_f1_p2048_layers5_backend_auto_cg_on_pcg_off_tp1_marker_on_profile_nsys,decode,16,2048,32768,1,on,True,15938357,15999925,61568,0.061568,0,1,13,288,8589934712.0,2.0,"[8064, 1, 1]","[128, 1, 1]",other,unknown,fused_moe_kernel,fused_moe_kernel
135,20260625_142332_decode_stage1_decode_b16p2048_cg_on_b16_f1_p2048_layers5_backend_auto_cg_on_pcg_off_tp1_marker_on_profile_nsys,decode,16,2048,32768,1,on,True,16000181,16004565,4384,0.004384,0,1,13,288,8589934713.0,2.0,"[3584, 1, 1]","[128, 1, 1]",triton_misc,triton,triton_per_fused_copy__mul_sum_0,triton_per_fused_copy__mul_sum_0
136,20260625_142332_decode_stage1_decode_b16p2048_cg_on_b16_f1_p2048_layers5_backend_auto_cg_on_pcg_off_tp1_marker_on_profile_nsys,decode,16,2048,32768,1,on,True,16005205,16008085,2880,0.00288,0,1,13,288,8589934714.0,2.0,"[16, 1, 1]","[32, 28, 1]",norm,flashinfer,"void flashinfer::norm::FusedAddRMSNormKernel<(unsigned int)8, __nv_bfloat16>(T2 *, T2 *, T2 *, unsigned int, unsigned int, unsigned int, float, float)",FusedAddRMSNormKernel
137,20260625_142332_decode_stage1_decode_b16p2048_cg_on_b16_f1_p2048_layers5_backend_auto_cg_on_pcg_off_tp1_marker_on_profile_nsys,decode,16,2048,32768,1,on,True,16008693,16632405,623712,0.623712,0,1,13,288,8589934715.0,2.0,"[2, 66, 1]","[384, 1, 1]",bmm,torch,nvjet_tst_512x16_64x3_2x1_v_bz_TNT,nvjet_tst_512x16_64x3_2x1_v_bz_TNT
138,20260625_142332_decode_stage1_decode_b16p2048_cg_on_b16_f1_p2048_layers5_backend_auto_cg_on_pcg_off_tp1_marker_on_profile_nsys,decode,16,2048,32768,1,on,True,16632693,16639893,7200,0.0072,0,1,13,288,8589934716.0,2.0,"[4040, 1, 1]","[128, 1, 1]",torch_misc,torch,"void at::native::unrolled_elementwise_kernel<at::native::direct_copy_kernel_cuda(at::TensorIteratorBase &)::[lambda() (instance 3)]::operator ()() const::[lambda() (instance 7)]::operator ()() const::[lambda(float) (instance 1)], std::array<char *, (unsigned long)2>, (int)4, TrivialOffsetCalculator<(int)1, unsigned int>, TrivialOffsetCalculator<(int)1, unsigned int>, at::native::memory::LoadWithCast<(int)1>, at::native::memory::StoreWithCast<(int)1>>(int, T1, T2, T4, T5, T6, T7)",unrolled_elementwise_kernel
139,20260625_142332_decode_stage1_decode_b16p2048_cg_on_b16_f1_p2048_layers5_backend_auto_cg_on_pcg_off_tp1_marker_on_profile_nsys,decode,16,2048,32768,1,on,True,16641525,16669205,27680,0.02768,0,1,13,304,,,"[16, 1, 1]","[32, 16, 1]",sampling,torch,"void at::native::reduce_kernel<(int)512, (int)1, at::native::ReduceOp<float, at::native::ArgMaxOps<float>, unsigned int, long, (int)4, (int)4>>(T3)",reduce_kernel
