kernel_order_index,run_instance_name,stage,batch_size,kv_len,total_kv_tokens,tp_size,attention_backend,decode_attention_backend,cuda_graph_mode,cuda_graph_validated,kernel_start_ns,kernel_end_ns,kernel_duration_ns,kernel_duration_ms,device_id,context_id,stream_id,correlation_id,graph_node_id,graph_id,grid_xyz,block_xyz,operator_category,implementation,kernel_name,kernel_short_name
0,20260626_153812_decode_stage1_decode_flashmla_b4p4096_cg_on_b4_f1_p4096_layers5_backend_auto_decodebackend_flashmla_cg_on_pcg_off_tp1_marker_on_profile_nsys,decode,4,4096,16384,1,auto,flashmla,on,True,18193159,18194119,960,0.00096,0,1,7,15,,,"[1, 1, 1]","[64, 1, 1]",torch_misc,torch,"void <unnamed>::elementwise_kernel_with_index<int, at::native::arange_cuda_out(const c10::Scalar &, const c10::Scalar &, const c10::Scalar &, at::Tensor &)::[lambda() (instance 1)]::operator ()() const::[lambda() (instance 4)]::operator ()() const::[lambda(long) (instance 1)]>(T1, T2, function_traits<T2>::result_type *)",elementwise_kernel_with_index
1,20260626_153812_decode_stage1_decode_flashmla_b4p4096_cg_on_b4_f1_p4096_layers5_backend_auto_decodebackend_flashmla_cg_on_pcg_off_tp1_marker_on_profile_nsys,decode,4,4096,16384,1,auto,flashmla,on,True,18735815,18737351,1536,0.001536,0,1,13,48,,,"[1, 1, 1]","[128, 1, 1]",triton_misc,triton,triton_poi_fused_clamp_copy__index_lt_neg_where_0,triton_poi_fused_clamp_copy__index_lt_neg_where_0
2,20260626_153812_decode_stage1_decode_flashmla_b4p4096_cg_on_b4_f1_p4096_layers5_backend_auto_decodebackend_flashmla_cg_on_pcg_off_tp1_marker_on_profile_nsys,decode,4,4096,16384,1,auto,flashmla,on,True,19046887,19047975,1088,0.001088,0,1,13,59,,,"[1, 1, 1]","[32, 1, 1]",triton_misc,triton,triton_poi_fused_clamp_sub_0,triton_poi_fused_clamp_sub_0
3,20260626_153812_decode_stage1_decode_flashmla_b4p4096_cg_on_b4_f1_p4096_layers5_backend_auto_decodebackend_flashmla_cg_on_pcg_off_tp1_marker_on_profile_nsys,decode,4,4096,16384,1,auto,flashmla,on,True,19377319,19378535,1216,0.001216,0,1,13,78,,,"[1, 1, 1]","[128, 1, 1]",torch_misc,torch,"void at::native::unrolled_elementwise_kernel<at::native::direct_copy_kernel_cuda(at::TensorIteratorBase &)::[lambda() (instance 3)]::operator ()() const::[lambda() (instance 3)]::operator ()() const::[lambda(int) (instance 1)], std::array<char *, (unsigned long)2>, (int)4, TrivialOffsetCalculator<(int)1, unsigned int>, TrivialOffsetCalculator<(int)1, unsigned int>, at::native::memory::LoadWithCast<(int)1>, at::native::memory::StoreWithCast<(int)1>>(int, T1, T2, T4, T5, T6, T7)",unrolled_elementwise_kernel
4,20260626_153812_decode_stage1_decode_flashmla_b4p4096_cg_on_b4_f1_p4096_layers5_backend_auto_decodebackend_flashmla_cg_on_pcg_off_tp1_marker_on_profile_nsys,decode,4,4096,16384,1,auto,flashmla,on,True,19401287,19402471,1184,0.001184,0,1,13,91,,,"[1, 1, 1]","[128, 1, 1]",torch_misc,torch,"void at::native::unrolled_elementwise_kernel<at::native::direct_copy_kernel_cuda(at::TensorIteratorBase &)::[lambda() (instance 3)]::operator ()() const::[lambda() (instance 3)]::operator ()() const::[lambda(int) (instance 1)], std::array<char *, (unsigned long)2>, (int)4, TrivialOffsetCalculator<(int)1, unsigned int>, TrivialOffsetCalculator<(int)1, unsigned int>, at::native::memory::LoadWithCast<(int)1>, at::native::memory::StoreWithCast<(int)1>>(int, T1, T2, T4, T5, T6, T7)",unrolled_elementwise_kernel
5,20260626_153812_decode_stage1_decode_flashmla_b4p4096_cg_on_b4_f1_p4096_layers5_backend_auto_decodebackend_flashmla_cg_on_pcg_off_tp1_marker_on_profile_nsys,decode,4,4096,16384,1,auto,flashmla,on,True,19702343,19704935,2592,0.002592,0,1,13,138,,,"[4, 1, 1]","[128, 1, 1]",attention,flashmla,create_flashmla_kv_indices_triton,create_flashmla_kv_indices_triton
6,20260626_153812_decode_stage1_decode_flashmla_b4p4096_cg_on_b4_f1_p4096_layers5_backend_auto_decodebackend_flashmla_cg_on_pcg_off_tp1_marker_on_profile_nsys,decode,4,4096,16384,1,auto,flashmla,on,True,19804007,19814343,10336,0.010336,0,1,13,159,,,"[1, 1, 1]","[32, 1, 1]",attention,flashmla,get_mla_metadata_kernel(GetDecodingMetadataParams),get_mla_metadata_kernel
7,20260626_153812_decode_stage1_decode_flashmla_b4p4096_cg_on_b4_f1_p4096_layers5_backend_auto_decodebackend_flashmla_cg_on_pcg_off_tp1_marker_on_profile_nsys,decode,4,4096,16384,1,auto,flashmla,on,True,20513414,20514150,736,0.000736,0,1,13,194,8589934592.0,2.0,"[1, 1, 1]","[128, 1, 1]",torch_misc,torch,"void at::native::vectorized_elementwise_kernel<(int)4, at::native::FillFunctor<float>, std::array<char *, (unsigned long)1>>(int, T2, T3)",vectorized_elementwise_kernel
8,20260626_153812_decode_stage1_decode_flashmla_b4p4096_cg_on_b4_f1_p4096_layers5_backend_auto_decodebackend_flashmla_cg_on_pcg_off_tp1_marker_on_profile_nsys,decode,4,4096,16384,1,auto,flashmla,on,True,20524742,20529638,4896,0.004896,0,1,13,194,8589934593.0,2.0,"[56, 1, 1]","[128, 1, 1]",torch_misc,torch,"void at::native::<unnamed>::indexSelectSmallIndex<c10::BFloat16, long, unsigned int, (int)2, (int)2, (int)-2>(at::cuda::detail::TensorInfo<T1, T3>, at::cuda::detail::TensorInfo<const T1, T3>, at::cuda::detail::TensorInfo<const T2, T3>, int, int, T3, long)",indexSelectSmallIndex
9,20260626_153812_decode_stage1_decode_flashmla_b4p4096_cg_on_b4_f1_p4096_layers5_backend_auto_decodebackend_flashmla_cg_on_pcg_off_tp1_marker_on_profile_nsys,decode,4,4096,16384,1,auto,flashmla,on,True,20530278,20532710,2432,0.002432,0,1,13,194,8589934594.0,2.0,"[4, 1, 1]","[32, 28, 1]",norm,flashinfer,"void flashinfer::norm::RMSNormKernel<(unsigned int)8, __nv_bfloat16>(T2 *, T2 *, T2 *, unsigned int, unsigned int, unsigned int, float, float)",RMSNormKernel
10,20260626_153812_decode_stage1_decode_flashmla_b4p4096_cg_on_b4_f1_p4096_layers5_backend_auto_decodebackend_flashmla_cg_on_pcg_off_tp1_marker_on_profile_nsys,decode,4,4096,16384,1,auto,flashmla,on,True,20533190,20535110,1920,0.00192,0,1,13,194,8589934595.0,2.0,"[14, 1, 1]","[256, 1, 1]",quant,sglang,"void per_token_group_quant_8bit_kernel<__nv_bfloat16, __nv_fp8_e4m3, (bool)1, (bool)0, float>(const T1 *, void *, T5 *, int, int, int, float, float, float, int, int)",per_token_group_quant_8bit_kernel
11,20260626_153812_decode_stage1_decode_flashmla_b4p4096_cg_on_b4_f1_p4096_layers5_backend_auto_decodebackend_flashmla_cg_on_pcg_off_tp1_marker_on_profile_nsys,decode,4,4096,16384,1,auto,flashmla,on,True,20535558,20550086,14528,0.014528,0,1,13,194,8589934596.0,2.0,"[132, 1, 1]","[256, 1, 1]",gemm,deepgemm,"void deep_gemm::sm90_fp8_gemm_1d2d_impl<(cute::UMMA::Major)0, (unsigned int)0, (unsigned int)2112, (unsigned int)7168, (unsigned int)1, (unsigned int)16, (unsigned int)16, (unsigned int)128, (unsigned int)128, (unsigned int)128, (unsigned int)32, (unsigned int)32, (unsigned int)24, (unsigned int)128, (unsigned int)128, (unsigned int)1, (bool)0, (unsigned int)132, (deep_gemm::GemmType)0, deep_gemm::EpilogueIdentity, (bool)0>(float *, int *, int *, unsigned int, unsigned int, unsigned int, CUtensorMap_st, CUtensorMap_st, CUtensorMap_st, CUtensorMap_st)",sm90_fp8_gemm_1d2d_impl
12,20260626_153812_decode_stage1_decode_flashmla_b4p4096_cg_on_b4_f1_p4096_layers5_backend_auto_decodebackend_flashmla_cg_on_pcg_off_tp1_marker_on_profile_nsys,decode,4,4096,16384,1,auto,flashmla,on,True,20550726,20552710,1984,0.001984,0,1,13,194,8589934597.0,2.0,"[4, 1, 1]","[32, 6, 1]",norm,flashinfer,"void flashinfer::norm::RMSNormKernel<(unsigned int)8, __nv_bfloat16>(T2 *, T2 *, T2 *, unsigned int, unsigned int, unsigned int, float, float)",RMSNormKernel
13,20260626_153812_decode_stage1_decode_flashmla_b4p4096_cg_on_b4_f1_p4096_layers5_backend_auto_decodebackend_flashmla_cg_on_pcg_off_tp1_marker_on_profile_nsys,decode,4,4096,16384,1,auto,flashmla,on,True,20550886,20552934,2048,0.002048,0,1,142,194,8589934598.0,2.0,"[4, 1, 1]","[32, 2, 1]",norm,flashinfer,"void flashinfer::norm::RMSNormKernel<(unsigned int)8, __nv_bfloat16>(T2 *, T2 *, T2 *, unsigned int, unsigned int, unsigned int, float, float)",RMSNormKernel
14,20260626_153812_decode_stage1_decode_flashmla_b4p4096_cg_on_b4_f1_p4096_layers5_backend_auto_decodebackend_flashmla_cg_on_pcg_off_tp1_marker_on_profile_nsys,decode,4,4096,16384,1,auto,flashmla,on,True,20553350,20554854,1504,0.001504,0,1,13,194,8589934599.0,2.0,"[3, 1, 1]","[256, 1, 1]",quant,sglang,"void per_token_group_quant_8bit_kernel<__nv_bfloat16, __nv_fp8_e4m3, (bool)1, (bool)0, float>(const T1 *, void *, T5 *, int, int, int, float, float, float, int, int)",per_token_group_quant_8bit_kernel
15,20260626_153812_decode_stage1_decode_flashmla_b4p4096_cg_on_b4_f1_p4096_layers5_backend_auto_decodebackend_flashmla_cg_on_pcg_off_tp1_marker_on_profile_nsys,decode,4,4096,16384,1,auto,flashmla,on,True,20555302,20573574,18272,0.018272,0,1,13,194,8589934600.0,2.0,"[128, 1, 1]","[256, 1, 1]",gemm,deepgemm,"void deep_gemm::sm90_fp8_gemm_1d2d_impl<(cute::UMMA::Major)0, (unsigned int)0, (unsigned int)24576, (unsigned int)1536, (unsigned int)1, (unsigned int)16, (unsigned int)192, (unsigned int)128, (unsigned int)128, (unsigned int)128, (unsigned int)128, (unsigned int)4, (unsigned int)0, (unsigned int)128, (unsigned int)128, (unsigned int)1, (bool)0, (unsigned int)128, (deep_gemm::GemmType)0, deep_gemm::EpilogueIdentity, (bool)0>(float *, int *, int *, unsigned int, unsigned int, unsigned int, CUtensorMap_st, CUtensorMap_st, CUtensorMap_st, CUtensorMap_st)",sm90_fp8_gemm_1d2d_impl
16,20260626_153812_decode_stage1_decode_flashmla_b4p4096_cg_on_b4_f1_p4096_layers5_backend_auto_decodebackend_flashmla_cg_on_pcg_off_tp1_marker_on_profile_nsys,decode,4,4096,16384,1,auto,flashmla,on,True,20574022,20582598,8576,0.008576,0,1,13,194,8589934601.0,2.0,"[2, 66, 1]","[384, 1, 1]",bmm,torch,nvjet_tst_256x8_64x6_2x1_v_bz_TNT,nvjet_tst_256x8_64x6_2x1_v_bz_TNT
17,20260626_153812_decode_stage1_decode_flashmla_b4p4096_cg_on_b4_f1_p4096_layers5_backend_auto_decodebackend_flashmla_cg_on_pcg_off_tp1_marker_on_profile_nsys,decode,4,4096,16384,1,auto,flashmla,on,True,20583046,20584870,1824,0.001824,0,1,13,194,8589934602.0,2.0,"[1, 129, 1]","[8, 16, 1]",support,flashinfer,"void flashinfer::BatchQKApplyRotaryPosIdsCosSinCacheHeadParallelismKernel<(bool)1, (unsigned int)64, (unsigned int)8, (unsigned int)8, __nv_bfloat16, long>(T5 *, T5 *, T5 *, T5 *, float *, T6 *, unsigned int, unsigned int, unsigned int, unsigned int, unsigned long, unsigned long, unsigned long, unsigned long, unsigned long, unsigned long, unsigned long, unsigned long)",BatchQKApplyRotaryPosIdsCosSinCacheHeadParallelismKernel
18,20260626_153812_decode_stage1_decode_flashmla_b4p4096_cg_on_b4_f1_p4096_layers5_backend_auto_decodebackend_flashmla_cg_on_pcg_off_tp1_marker_on_profile_nsys,decode,4,4096,16384,1,auto,flashmla,on,True,20585254,20588742,3488,0.003488,0,1,13,194,8589934603.0,2.0,"[264, 2, 1]","[512, 1, 1]",torch_misc,torch,"void at::native::<unnamed>::CatArrayBatchedCopy<at::native::<unnamed>::OpaqueType<(unsigned int)2>, unsigned int, (int)3, (int)64, (int)64>(T1 *, at::native::<unnamed>::CatArrInputTensorMetadata<T1, T2, T4, T5>, at::native::<unnamed>::TensorSizeStride<T2, (unsigned int)4>, int, T2)",CatArrayBatchedCopy
19,20260626_153812_decode_stage1_decode_flashmla_b4p4096_cg_on_b4_f1_p4096_layers5_backend_auto_decodebackend_flashmla_cg_on_pcg_off_tp1_marker_on_profile_nsys,decode,4,4096,16384,1,auto,flashmla,on,True,20589126,20591206,2080,0.00208,0,1,13,194,8589934604.0,2.0,"[264, 2, 1]","[512, 1, 1]",torch_misc,torch,"void at::native::<unnamed>::CatArrayBatchedCopy<at::native::<unnamed>::OpaqueType<(unsigned int)2>, unsigned int, (int)3, (int)64, (int)64>(T1 *, at::native::<unnamed>::CatArrInputTensorMetadata<T1, T2, T4, T5>, at::native::<unnamed>::TensorSizeStride<T2, (unsigned int)4>, int, T2)",CatArrayBatchedCopy
20,20260626_153812_decode_stage1_decode_flashmla_b4p4096_cg_on_b4_f1_p4096_layers5_backend_auto_decodebackend_flashmla_cg_on_pcg_off_tp1_marker_on_profile_nsys,decode,4,4096,16384,1,auto,flashmla,on,True,20591622,20594886,3264,0.003264,0,1,13,194,8589934605.0,2.0,"[5, 1, 1]","[128, 1, 1]",torch_misc,torch,"void at::native::index_elementwise_kernel<(int)128, (int)4, void at::native::gpu_index_kernel<void at::native::index_put_kernel_impl<at::native::OpaqueType<(int)2>>(at::TensorIterator &, c10::ArrayRef<long>, c10::ArrayRef<long>)::[lambda(char *, const char *, long) (instance 1)]>(at::TensorIteratorBase &, c10::ArrayRef<long>, c10::ArrayRef<long>, const T1 &, bool)::[lambda(int) (instance 1)]>(long, T3)",index_elementwise_kernel
21,20260626_153812_decode_stage1_decode_flashmla_b4p4096_cg_on_b4_f1_p4096_layers5_backend_auto_decodebackend_flashmla_cg_on_pcg_off_tp1_marker_on_profile_nsys,decode,4,4096,16384,1,auto,flashmla,on,True,20595014,20621542,26528,0.026528,0,1,13,194,8589934606.0,2.0,"[2, 1, 66]","[256, 1, 1]",other,unknown,"void sm90::flash_fwd_splitkv_mla_kernel<Traits<cutlass::bfloat16_t>, TmaParams<cute::tuple<int, int, int, int>, cute::TiledCopy<cute::Copy_Atom<cute::Copy_Traits<cute::SM90_TMA_LOAD, cute::C<(int)65536>, cute::AuxTmaParams<cute::tuple<cute::ScaledBasis<cute::C<(int)1>, (int)1>, cute::ScaledBasis<cute::C<(int)1>, (int)0>, cute::ScaledBasis<cute::C<(int)1>, (int)2>, cute::ScaledBasis<cute::C<(int)1>, (int)3>>, const cute::Layout<cute::tuple<cute::C<(int)64>, cute::C<(int)64>, cute::C<(int)1>, cute::C<(int)1>>, cute::tuple<cute::ScaledBasis<cute::C<(int)1>, (int)1>, cute::ScaledBasis<cute::C<(int)1>, (int)0>, cute::ScaledBasis<cute::C<(int)1>, (int)2>, cute::ScaledBasis<cute::C<(int)1>, (int)3>>> &, const cute::Swizzle<(int)3, (int)4, (int)3> &>>, cutlass::bfloat16_t>, cute::Layout<cute::tuple<cute::C<(int)1>, cute::tuple<cute::tuple<cute::tuple<cute::C<(int)64>, cute::C<(int)64>>, cute::C<(int)9>>>>, cute::tuple<cute::C<(int)0>, cute::tuple<cute::tuple<cute::tuple<cute::C<(int)64>, cute::C<(int)1>>, cute::C<(int)4096>>>>>, cute::tuple<cute::C<(int)64>, cute::C<(int)576>>>, cute::tuple<cute::C<(int)64>, cute::C<(int)576>, int, int>, cute::TiledCopy<cute::Copy_Atom<cute::Copy_Traits<cute::SM90_TMA_LOAD, cute::C<(int)65536>, cute::AuxTmaParams<cute::tuple<cute::ScaledBasis<cute::C<(int)1>, (int)1>, cute::ScaledBasis<cute::C<(int)1>, (int)0>, cute::ScaledBasis<cute::C<(int)1>, (int)2>, cute::ScaledBasis<cute::C<(int)1>, (int)3>>, const cute::Layout<cute::tuple<cute::C<(int)64>, cute::C<(int)64>, cute::C<(int)1>, cute::C<(int)1>>, cute::tuple<cute::ScaledBasis<cute::C<(int)1>, (int)1>, cute::ScaledBasis<cute::C<(int)1>, (int)0>, cute::ScaledBasis<cute::C<(int)1>, (int)2>, cute::ScaledBasis<cute::C<(int)1>, (int)3>>> &, const cute::Swizzle<(int)3, (int)4, (int)3> &>>, cutlass::bfloat16_t>, cute::Layout<cute::tuple<cute::C<(int)1>, cute::tuple<cute::tuple<cute::tuple<cute::C<(int)64>, cute::C<(int)64>>, cute::C<(int)1>>>>, cute::tuple<cute::C<(int)0>, cute::tuple<cute::tuple<cute::tuple<cute::C<(int)64>, cute::C<(int)1>>, cute::C<(int)0>>>>>, cute::tuple<cute::C<(int)64>, cute::C<(int)64>>>, cute::tuple<int, int, int, int>, cute::TiledCopy<cute::Copy_Atom<cute::Copy_Traits<cute::SM90_TMA_STORE, cute::C<(int)65536>, cute::AuxTmaParams<cute::tuple<cute::ScaledBasis<cute::C<(int)1>, (int)1>, cute::ScaledBasis<cute::C<(int)1>, (int)0>, cute::ScaledBasis<cute::C<(int)1>, (int)2>, cute::ScaledBasis<cute::C<(int)1>, (int)3>>, const cute::Layout<cute::tuple<cute::C<(int)64>, cute::C<(int)64>, cute::C<(int)1>, cute::C<(int)1>>, cute::tuple<cute::ScaledBasis<cute::C<(int)1>, (int)1>, cute::ScaledBasis<cute::C<(int)1>, (int)0>, cute::ScaledBasis<cute::C<(int)1>, (int)2>, cute::ScaledBasis<cute::C<(int)1>, (int)3>>> &, const cute::Swizzle<(int)3, (int)4, (int)3> &>>, cutlass::bfloat16_t>, cute::Layout<cute::tuple<cute::C<(int)1>, cute::tuple<cute::tuple<cute::tuple<cute::C<(int)64>, cute::C<(int)64>>, cute::C<(int)8>>>>, cute::tuple<cute::C<(int)0>, cute::tuple<cute::tuple<cute::tuple<cute::C<(int)64>, cute::C<(int)1>>, cute::C<(int)4096>>>>>, cute::tuple<cute::C<(int)64>, cute::C<(int)512>>>>>(DecodingParams, T2)",flash_fwd_splitkv_mla_kernel
22,20260626_153812_decode_stage1_decode_flashmla_b4p4096_cg_on_b4_f1_p4096_layers5_backend_auto_decodebackend_flashmla_cg_on_pcg_off_tp1_marker_on_profile_nsys,decode,4,4096,16384,1,auto,flashmla,on,True,20616262,20632742,16480,0.01648,0,1,13,194,8589934607.0,2.0,"[16, 4, 1]","[256, 1, 1]",attention,flashmla,"void flash_fwd_mla_combine_kernel<cutlass::bfloat16_t, (int)512, (int)8, (int)96, (int)256>(DecodingParams)",flash_fwd_mla_combine_kernel
23,20260626_153812_decode_stage1_decode_flashmla_b4p4096_cg_on_b4_f1_p4096_layers5_backend_auto_decodebackend_flashmla_cg_on_pcg_off_tp1_marker_on_profile_nsys,decode,4,4096,16384,1,auto,flashmla,on,True,20633478,20641926,8448,0.008448,0,1,13,194,8589934608.0,2.0,"[1, 128, 1]","[384, 1, 1]",bmm,torch,nvjet_tst_128x8_64x12_1x1_h_bz_TNT,nvjet_tst_128x8_64x12_1x1_h_bz_TNT
24,20260626_153812_decode_stage1_decode_flashmla_b4p4096_cg_on_b4_f1_p4096_layers5_backend_auto_decodebackend_flashmla_cg_on_pcg_off_tp1_marker_on_profile_nsys,decode,4,4096,16384,1,auto,flashmla,on,True,20642374,20644134,1760,0.00176,0,1,13,194,8589934609.0,2.0,"[32, 1, 1]","[256, 1, 1]",quant,sglang,"void per_token_group_quant_8bit_kernel<__nv_bfloat16, __nv_fp8_e4m3, (bool)1, (bool)0, float>(const T1 *, void *, T5 *, int, int, int, float, float, float, int, int)",per_token_group_quant_8bit_kernel
25,20260626_153812_decode_stage1_decode_flashmla_b4p4096_cg_on_b4_f1_p4096_layers5_backend_auto_decodebackend_flashmla_cg_on_pcg_off_tp1_marker_on_profile_nsys,decode,4,4096,16384,1,auto,flashmla,on,True,20644550,20694278,49728,0.049728,0,1,13,194,8589934610.0,2.0,"[112, 1, 1]","[256, 1, 1]",gemm,deepgemm,"void deep_gemm::sm90_fp8_gemm_1d2d_impl<(cute::UMMA::Major)0, (unsigned int)0, (unsigned int)7168, (unsigned int)16384, (unsigned int)1, (unsigned int)16, (unsigned int)64, (unsigned int)128, (unsigned int)128, (unsigned int)128, (unsigned int)128, (unsigned int)22, (unsigned int)18, (unsigned int)128, (unsigned int)128, (unsigned int)1, (bool)0, (unsigned int)112, (deep_gemm::GemmType)0, deep_gemm::EpilogueIdentity, (bool)0>(float *, int *, int *, unsigned int, unsigned int, unsigned int, CUtensorMap_st, CUtensorMap_st, CUtensorMap_st, CUtensorMap_st)",sm90_fp8_gemm_1d2d_impl
26,20260626_153812_decode_stage1_decode_flashmla_b4p4096_cg_on_b4_f1_p4096_layers5_backend_auto_decodebackend_flashmla_cg_on_pcg_off_tp1_marker_on_profile_nsys,decode,4,4096,16384,1,auto,flashmla,on,True,20694534,20697510,2976,0.002976,0,1,13,194,8589934611.0,2.0,"[4, 1, 1]","[32, 28, 1]",norm,flashinfer,"void flashinfer::norm::FusedAddRMSNormKernel<(unsigned int)8, __nv_bfloat16>(T2 *, T2 *, T2 *, unsigned int, unsigned int, unsigned int, float, float)",FusedAddRMSNormKernel
27,20260626_153812_decode_stage1_decode_flashmla_b4p4096_cg_on_b4_f1_p4096_layers5_backend_auto_decodebackend_flashmla_cg_on_pcg_off_tp1_marker_on_profile_nsys,decode,4,4096,16384,1,auto,flashmla,on,True,20697926,20699590,1664,0.001664,0,1,13,194,8589934612.0,2.0,"[14, 1, 1]","[256, 1, 1]",quant,sglang,"void per_token_group_quant_8bit_kernel<__nv_bfloat16, __nv_fp8_e4m3, (bool)1, (bool)0, float>(const T1 *, void *, T5 *, int, int, int, float, float, float, int, int)",per_token_group_quant_8bit_kernel
28,20260626_153812_decode_stage1_decode_flashmla_b4p4096_cg_on_b4_f1_p4096_layers5_backend_auto_decodebackend_flashmla_cg_on_pcg_off_tp1_marker_on_profile_nsys,decode,4,4096,16384,1,auto,flashmla,on,True,20700038,20789830,89792,0.089792,0,1,13,194,8589934613.0,2.0,"[128, 1, 1]","[256, 1, 1]",gemm,deepgemm,"void deep_gemm::sm90_fp8_gemm_1d2d_impl<(cute::UMMA::Major)0, (unsigned int)0, (unsigned int)36864, (unsigned int)7168, (unsigned int)1, (unsigned int)16, (unsigned int)144, (unsigned int)128, (unsigned int)128, (unsigned int)128, (unsigned int)32, (unsigned int)11, (unsigned int)1, (unsigned int)128, (unsigned int)128, (unsigned int)1, (bool)0, (unsigned int)128, (deep_gemm::GemmType)0, deep_gemm::EpilogueIdentity, (bool)0>(float *, int *, int *, unsigned int, unsigned int, unsigned int, CUtensorMap_st, CUtensorMap_st, CUtensorMap_st, CUtensorMap_st)",sm90_fp8_gemm_1d2d_impl
29,20260626_153812_decode_stage1_decode_flashmla_b4p4096_cg_on_b4_f1_p4096_layers5_backend_auto_decodebackend_flashmla_cg_on_pcg_off_tp1_marker_on_profile_nsys,decode,4,4096,16384,1,auto,flashmla,on,True,20790214,20793958,3744,0.003744,0,1,13,194,8589934614.0,2.0,"[4, 1, 1]","[1024, 1, 1]",activation,flashinfer,"void flashinfer::activation::act_and_mul_kernel<__nv_bfloat16, &silu<float>>(T1 *, const T1 *, int)",act_and_mul_kernel
30,20260626_153812_decode_stage1_decode_flashmla_b4p4096_cg_on_b4_f1_p4096_layers5_backend_auto_decodebackend_flashmla_cg_on_pcg_off_tp1_marker_on_profile_nsys,decode,4,4096,16384,1,auto,flashmla,on,True,20794982,20797062,2080,0.00208,0,1,13,194,8589934615.0,2.0,"[36, 1, 1]","[256, 1, 1]",quant,sglang,"void per_token_group_quant_8bit_kernel<__nv_bfloat16, __nv_fp8_e4m3, (bool)1, (bool)0, float>(const T1 *, void *, T5 *, int, int, int, float, float, float, int, int)",per_token_group_quant_8bit_kernel
31,20260626_153812_decode_stage1_decode_flashmla_b4p4096_cg_on_b4_f1_p4096_layers5_backend_auto_decodebackend_flashmla_cg_on_pcg_off_tp1_marker_on_profile_nsys,decode,4,4096,16384,1,auto,flashmla,on,True,20797574,20846406,48832,0.048832,0,1,13,194,8589934616.0,2.0,"[112, 1, 1]","[256, 1, 1]",gemm,deepgemm,"void deep_gemm::sm90_fp8_gemm_1d2d_impl<(cute::UMMA::Major)0, (unsigned int)0, (unsigned int)7168, (unsigned int)18432, (unsigned int)1, (unsigned int)16, (unsigned int)64, (unsigned int)128, (unsigned int)128, (unsigned int)128, (unsigned int)128, (unsigned int)22, (unsigned int)12, (unsigned int)128, (unsigned int)128, (unsigned int)1, (bool)0, (unsigned int)112, (deep_gemm::GemmType)0, deep_gemm::EpilogueIdentity, (bool)0>(float *, int *, int *, unsigned int, unsigned int, unsigned int, CUtensorMap_st, CUtensorMap_st, CUtensorMap_st, CUtensorMap_st)",sm90_fp8_gemm_1d2d_impl
32,20260626_153812_decode_stage1_decode_flashmla_b4p4096_cg_on_b4_f1_p4096_layers5_backend_auto_decodebackend_flashmla_cg_on_pcg_off_tp1_marker_on_profile_nsys,decode,4,4096,16384,1,auto,flashmla,on,True,20846438,20849382,2944,0.002944,0,1,13,194,8589934617.0,2.0,"[4, 1, 1]","[32, 28, 1]",norm,flashinfer,"void flashinfer::norm::FusedAddRMSNormKernel<(unsigned int)8, __nv_bfloat16>(T2 *, T2 *, T2 *, unsigned int, unsigned int, unsigned int, float, float)",FusedAddRMSNormKernel
33,20260626_153812_decode_stage1_decode_flashmla_b4p4096_cg_on_b4_f1_p4096_layers5_backend_auto_decodebackend_flashmla_cg_on_pcg_off_tp1_marker_on_profile_nsys,decode,4,4096,16384,1,auto,flashmla,on,True,20849798,20851494,1696,0.001696,0,1,13,194,8589934618.0,2.0,"[14, 1, 1]","[256, 1, 1]",quant,sglang,"void per_token_group_quant_8bit_kernel<__nv_bfloat16, __nv_fp8_e4m3, (bool)1, (bool)0, float>(const T1 *, void *, T5 *, int, int, int, float, float, float, int, int)",per_token_group_quant_8bit_kernel
34,20260626_153812_decode_stage1_decode_flashmla_b4p4096_cg_on_b4_f1_p4096_layers5_backend_auto_decodebackend_flashmla_cg_on_pcg_off_tp1_marker_on_profile_nsys,decode,4,4096,16384,1,auto,flashmla,on,True,20851910,20866150,14240,0.01424,0,1,13,194,8589934619.0,2.0,"[132, 1, 1]","[256, 1, 1]",gemm,deepgemm,"void deep_gemm::sm90_fp8_gemm_1d2d_impl<(cute::UMMA::Major)0, (unsigned int)0, (unsigned int)2112, (unsigned int)7168, (unsigned int)1, (unsigned int)16, (unsigned int)16, (unsigned int)128, (unsigned int)128, (unsigned int)128, (unsigned int)32, (unsigned int)32, (unsigned int)24, (unsigned int)128, (unsigned int)128, (unsigned int)1, (bool)0, (unsigned int)132, (deep_gemm::GemmType)0, deep_gemm::EpilogueIdentity, (bool)0>(float *, int *, int *, unsigned int, unsigned int, unsigned int, CUtensorMap_st, CUtensorMap_st, CUtensorMap_st, CUtensorMap_st)",sm90_fp8_gemm_1d2d_impl
35,20260626_153812_decode_stage1_decode_flashmla_b4p4096_cg_on_b4_f1_p4096_layers5_backend_auto_decodebackend_flashmla_cg_on_pcg_off_tp1_marker_on_profile_nsys,decode,4,4096,16384,1,auto,flashmla,on,True,20866278,20868230,1952,0.001952,0,1,13,194,8589934620.0,2.0,"[4, 1, 1]","[32, 6, 1]",norm,flashinfer,"void flashinfer::norm::RMSNormKernel<(unsigned int)8, __nv_bfloat16>(T2 *, T2 *, T2 *, unsigned int, unsigned int, unsigned int, float, float)",RMSNormKernel
36,20260626_153812_decode_stage1_decode_flashmla_b4p4096_cg_on_b4_f1_p4096_layers5_backend_auto_decodebackend_flashmla_cg_on_pcg_off_tp1_marker_on_profile_nsys,decode,4,4096,16384,1,auto,flashmla,on,True,20866598,20868518,1920,0.00192,0,1,142,194,8589934621.0,2.0,"[4, 1, 1]","[32, 2, 1]",norm,flashinfer,"void flashinfer::norm::RMSNormKernel<(unsigned int)8, __nv_bfloat16>(T2 *, T2 *, T2 *, unsigned int, unsigned int, unsigned int, float, float)",RMSNormKernel
37,20260626_153812_decode_stage1_decode_flashmla_b4p4096_cg_on_b4_f1_p4096_layers5_backend_auto_decodebackend_flashmla_cg_on_pcg_off_tp1_marker_on_profile_nsys,decode,4,4096,16384,1,auto,flashmla,on,True,20868934,20870566,1632,0.001632,0,1,13,194,8589934622.0,2.0,"[3, 1, 1]","[256, 1, 1]",quant,sglang,"void per_token_group_quant_8bit_kernel<__nv_bfloat16, __nv_fp8_e4m3, (bool)1, (bool)0, float>(const T1 *, void *, T5 *, int, int, int, float, float, float, int, int)",per_token_group_quant_8bit_kernel
38,20260626_153812_decode_stage1_decode_flashmla_b4p4096_cg_on_b4_f1_p4096_layers5_backend_auto_decodebackend_flashmla_cg_on_pcg_off_tp1_marker_on_profile_nsys,decode,4,4096,16384,1,auto,flashmla,on,True,20871014,20887654,16640,0.01664,0,1,13,194,8589934623.0,2.0,"[128, 1, 1]","[256, 1, 1]",gemm,deepgemm,"void deep_gemm::sm90_fp8_gemm_1d2d_impl<(cute::UMMA::Major)0, (unsigned int)0, (unsigned int)24576, (unsigned int)1536, (unsigned int)1, (unsigned int)16, (unsigned int)192, (unsigned int)128, (unsigned int)128, (unsigned int)128, (unsigned int)128, (unsigned int)4, (unsigned int)0, (unsigned int)128, (unsigned int)128, (unsigned int)1, (bool)0, (unsigned int)128, (deep_gemm::GemmType)0, deep_gemm::EpilogueIdentity, (bool)0>(float *, int *, int *, unsigned int, unsigned int, unsigned int, CUtensorMap_st, CUtensorMap_st, CUtensorMap_st, CUtensorMap_st)",sm90_fp8_gemm_1d2d_impl
39,20260626_153812_decode_stage1_decode_flashmla_b4p4096_cg_on_b4_f1_p4096_layers5_backend_auto_decodebackend_flashmla_cg_on_pcg_off_tp1_marker_on_profile_nsys,decode,4,4096,16384,1,auto,flashmla,on,True,20888262,20896934,8672,0.008672,0,1,13,194,8589934624.0,2.0,"[2, 66, 1]","[384, 1, 1]",bmm,torch,nvjet_tst_256x8_64x6_2x1_v_bz_TNT,nvjet_tst_256x8_64x6_2x1_v_bz_TNT
40,20260626_153812_decode_stage1_decode_flashmla_b4p4096_cg_on_b4_f1_p4096_layers5_backend_auto_decodebackend_flashmla_cg_on_pcg_off_tp1_marker_on_profile_nsys,decode,4,4096,16384,1,auto,flashmla,on,True,20897382,20899334,1952,0.001952,0,1,13,194,8589934625.0,2.0,"[1, 129, 1]","[8, 16, 1]",support,flashinfer,"void flashinfer::BatchQKApplyRotaryPosIdsCosSinCacheHeadParallelismKernel<(bool)1, (unsigned int)64, (unsigned int)8, (unsigned int)8, __nv_bfloat16, long>(T5 *, T5 *, T5 *, T5 *, float *, T6 *, unsigned int, unsigned int, unsigned int, unsigned int, unsigned long, unsigned long, unsigned long, unsigned long, unsigned long, unsigned long, unsigned long, unsigned long)",BatchQKApplyRotaryPosIdsCosSinCacheHeadParallelismKernel
41,20260626_153812_decode_stage1_decode_flashmla_b4p4096_cg_on_b4_f1_p4096_layers5_backend_auto_decodebackend_flashmla_cg_on_pcg_off_tp1_marker_on_profile_nsys,decode,4,4096,16384,1,auto,flashmla,on,True,20899750,20903174,3424,0.003424,0,1,13,194,8589934626.0,2.0,"[264, 2, 1]","[512, 1, 1]",torch_misc,torch,"void at::native::<unnamed>::CatArrayBatchedCopy<at::native::<unnamed>::OpaqueType<(unsigned int)2>, unsigned int, (int)3, (int)64, (int)64>(T1 *, at::native::<unnamed>::CatArrInputTensorMetadata<T1, T2, T4, T5>, at::native::<unnamed>::TensorSizeStride<T2, (unsigned int)4>, int, T2)",CatArrayBatchedCopy
42,20260626_153812_decode_stage1_decode_flashmla_b4p4096_cg_on_b4_f1_p4096_layers5_backend_auto_decodebackend_flashmla_cg_on_pcg_off_tp1_marker_on_profile_nsys,decode,4,4096,16384,1,auto,flashmla,on,True,20903590,20905574,1984,0.001984,0,1,13,194,8589934627.0,2.0,"[264, 2, 1]","[512, 1, 1]",torch_misc,torch,"void at::native::<unnamed>::CatArrayBatchedCopy<at::native::<unnamed>::OpaqueType<(unsigned int)2>, unsigned int, (int)3, (int)64, (int)64>(T1 *, at::native::<unnamed>::CatArrInputTensorMetadata<T1, T2, T4, T5>, at::native::<unnamed>::TensorSizeStride<T2, (unsigned int)4>, int, T2)",CatArrayBatchedCopy
43,20260626_153812_decode_stage1_decode_flashmla_b4p4096_cg_on_b4_f1_p4096_layers5_backend_auto_decodebackend_flashmla_cg_on_pcg_off_tp1_marker_on_profile_nsys,decode,4,4096,16384,1,auto,flashmla,on,True,20905990,20909286,3296,0.003296,0,1,13,194,8589934628.0,2.0,"[5, 1, 1]","[128, 1, 1]",torch_misc,torch,"void at::native::index_elementwise_kernel<(int)128, (int)4, void at::native::gpu_index_kernel<void at::native::index_put_kernel_impl<at::native::OpaqueType<(int)2>>(at::TensorIterator &, c10::ArrayRef<long>, c10::ArrayRef<long>)::[lambda(char *, const char *, long) (instance 1)]>(at::TensorIteratorBase &, c10::ArrayRef<long>, c10::ArrayRef<long>, const T1 &, bool)::[lambda(int) (instance 1)]>(long, T3)",index_elementwise_kernel
44,20260626_153812_decode_stage1_decode_flashmla_b4p4096_cg_on_b4_f1_p4096_layers5_backend_auto_decodebackend_flashmla_cg_on_pcg_off_tp1_marker_on_profile_nsys,decode,4,4096,16384,1,auto,flashmla,on,True,20909446,20936166,26720,0.02672,0,1,13,194,8589934629.0,2.0,"[2, 1, 66]","[256, 1, 1]",other,unknown,"void sm90::flash_fwd_splitkv_mla_kernel<Traits<cutlass::bfloat16_t>, TmaParams<cute::tuple<int, int, int, int>, cute::TiledCopy<cute::Copy_Atom<cute::Copy_Traits<cute::SM90_TMA_LOAD, cute::C<(int)65536>, cute::AuxTmaParams<cute::tuple<cute::ScaledBasis<cute::C<(int)1>, (int)1>, cute::ScaledBasis<cute::C<(int)1>, (int)0>, cute::ScaledBasis<cute::C<(int)1>, (int)2>, cute::ScaledBasis<cute::C<(int)1>, (int)3>>, const cute::Layout<cute::tuple<cute::C<(int)64>, cute::C<(int)64>, cute::C<(int)1>, cute::C<(int)1>>, cute::tuple<cute::ScaledBasis<cute::C<(int)1>, (int)1>, cute::ScaledBasis<cute::C<(int)1>, (int)0>, cute::ScaledBasis<cute::C<(int)1>, (int)2>, cute::ScaledBasis<cute::C<(int)1>, (int)3>>> &, const cute::Swizzle<(int)3, (int)4, (int)3> &>>, cutlass::bfloat16_t>, cute::Layout<cute::tuple<cute::C<(int)1>, cute::tuple<cute::tuple<cute::tuple<cute::C<(int)64>, cute::C<(int)64>>, cute::C<(int)9>>>>, cute::tuple<cute::C<(int)0>, cute::tuple<cute::tuple<cute::tuple<cute::C<(int)64>, cute::C<(int)1>>, cute::C<(int)4096>>>>>, cute::tuple<cute::C<(int)64>, cute::C<(int)576>>>, cute::tuple<cute::C<(int)64>, cute::C<(int)576>, int, int>, cute::TiledCopy<cute::Copy_Atom<cute::Copy_Traits<cute::SM90_TMA_LOAD, cute::C<(int)65536>, cute::AuxTmaParams<cute::tuple<cute::ScaledBasis<cute::C<(int)1>, (int)1>, cute::ScaledBasis<cute::C<(int)1>, (int)0>, cute::ScaledBasis<cute::C<(int)1>, (int)2>, cute::ScaledBasis<cute::C<(int)1>, (int)3>>, const cute::Layout<cute::tuple<cute::C<(int)64>, cute::C<(int)64>, cute::C<(int)1>, cute::C<(int)1>>, cute::tuple<cute::ScaledBasis<cute::C<(int)1>, (int)1>, cute::ScaledBasis<cute::C<(int)1>, (int)0>, cute::ScaledBasis<cute::C<(int)1>, (int)2>, cute::ScaledBasis<cute::C<(int)1>, (int)3>>> &, const cute::Swizzle<(int)3, (int)4, (int)3> &>>, cutlass::bfloat16_t>, cute::Layout<cute::tuple<cute::C<(int)1>, cute::tuple<cute::tuple<cute::tuple<cute::C<(int)64>, cute::C<(int)64>>, cute::C<(int)1>>>>, cute::tuple<cute::C<(int)0>, cute::tuple<cute::tuple<cute::tuple<cute::C<(int)64>, cute::C<(int)1>>, cute::C<(int)0>>>>>, cute::tuple<cute::C<(int)64>, cute::C<(int)64>>>, cute::tuple<int, int, int, int>, cute::TiledCopy<cute::Copy_Atom<cute::Copy_Traits<cute::SM90_TMA_STORE, cute::C<(int)65536>, cute::AuxTmaParams<cute::tuple<cute::ScaledBasis<cute::C<(int)1>, (int)1>, cute::ScaledBasis<cute::C<(int)1>, (int)0>, cute::ScaledBasis<cute::C<(int)1>, (int)2>, cute::ScaledBasis<cute::C<(int)1>, (int)3>>, const cute::Layout<cute::tuple<cute::C<(int)64>, cute::C<(int)64>, cute::C<(int)1>, cute::C<(int)1>>, cute::tuple<cute::ScaledBasis<cute::C<(int)1>, (int)1>, cute::ScaledBasis<cute::C<(int)1>, (int)0>, cute::ScaledBasis<cute::C<(int)1>, (int)2>, cute::ScaledBasis<cute::C<(int)1>, (int)3>>> &, const cute::Swizzle<(int)3, (int)4, (int)3> &>>, cutlass::bfloat16_t>, cute::Layout<cute::tuple<cute::C<(int)1>, cute::tuple<cute::tuple<cute::tuple<cute::C<(int)64>, cute::C<(int)64>>, cute::C<(int)8>>>>, cute::tuple<cute::C<(int)0>, cute::tuple<cute::tuple<cute::tuple<cute::C<(int)64>, cute::C<(int)1>>, cute::C<(int)4096>>>>>, cute::tuple<cute::C<(int)64>, cute::C<(int)512>>>>>(DecodingParams, T2)",flash_fwd_splitkv_mla_kernel
45,20260626_153812_decode_stage1_decode_flashmla_b4p4096_cg_on_b4_f1_p4096_layers5_backend_auto_decodebackend_flashmla_cg_on_pcg_off_tp1_marker_on_profile_nsys,decode,4,4096,16384,1,auto,flashmla,on,True,20927238,20928806,1568,0.001568,0,1,7,246,,,"[1, 1, 1]","[128, 1, 1]",torch_misc,torch,"void at::native::vectorized_elementwise_kernel<(int)2, at::native::neg_kernel_cuda(at::TensorIteratorBase &)::[lambda() (instance 2)]::operator ()() const::[lambda() (instance 4)]::operator ()() const::[lambda(long) (instance 1)], std::array<char *, (unsigned long)2>>(int, T2, T3)",vectorized_elementwise_kernel
46,20260626_153812_decode_stage1_decode_flashmla_b4p4096_cg_on_b4_f1_p4096_layers5_backend_auto_decodebackend_flashmla_cg_on_pcg_off_tp1_marker_on_profile_nsys,decode,4,4096,16384,1,auto,flashmla,on,True,20930310,20947238,16928,0.016928,0,1,13,194,8589934630.0,2.0,"[16, 4, 1]","[256, 1, 1]",attention,flashmla,"void flash_fwd_mla_combine_kernel<cutlass::bfloat16_t, (int)512, (int)8, (int)96, (int)256>(DecodingParams)",flash_fwd_mla_combine_kernel
47,20260626_153812_decode_stage1_decode_flashmla_b4p4096_cg_on_b4_f1_p4096_layers5_backend_auto_decodebackend_flashmla_cg_on_pcg_off_tp1_marker_on_profile_nsys,decode,4,4096,16384,1,auto,flashmla,on,True,20948166,20956518,8352,0.008352,0,1,13,194,8589934631.0,2.0,"[1, 128, 1]","[384, 1, 1]",bmm,torch,nvjet_tst_128x8_64x12_1x1_h_bz_TNT,nvjet_tst_128x8_64x12_1x1_h_bz_TNT
48,20260626_153812_decode_stage1_decode_flashmla_b4p4096_cg_on_b4_f1_p4096_layers5_backend_auto_decodebackend_flashmla_cg_on_pcg_off_tp1_marker_on_profile_nsys,decode,4,4096,16384,1,auto,flashmla,on,True,20956934,20958758,1824,0.001824,0,1,13,194,8589934632.0,2.0,"[32, 1, 1]","[256, 1, 1]",quant,sglang,"void per_token_group_quant_8bit_kernel<__nv_bfloat16, __nv_fp8_e4m3, (bool)1, (bool)0, float>(const T1 *, void *, T5 *, int, int, int, float, float, float, int, int)",per_token_group_quant_8bit_kernel
49,20260626_153812_decode_stage1_decode_flashmla_b4p4096_cg_on_b4_f1_p4096_layers5_backend_auto_decodebackend_flashmla_cg_on_pcg_off_tp1_marker_on_profile_nsys,decode,4,4096,16384,1,auto,flashmla,on,True,20959174,21008838,49664,0.049664,0,1,13,194,8589934633.0,2.0,"[112, 1, 1]","[256, 1, 1]",gemm,deepgemm,"void deep_gemm::sm90_fp8_gemm_1d2d_impl<(cute::UMMA::Major)0, (unsigned int)0, (unsigned int)7168, (unsigned int)16384, (unsigned int)1, (unsigned int)16, (unsigned int)64, (unsigned int)128, (unsigned int)128, (unsigned int)128, (unsigned int)128, (unsigned int)22, (unsigned int)18, (unsigned int)128, (unsigned int)128, (unsigned int)1, (bool)0, (unsigned int)112, (deep_gemm::GemmType)0, deep_gemm::EpilogueIdentity, (bool)0>(float *, int *, int *, unsigned int, unsigned int, unsigned int, CUtensorMap_st, CUtensorMap_st, CUtensorMap_st, CUtensorMap_st)",sm90_fp8_gemm_1d2d_impl
50,20260626_153812_decode_stage1_decode_flashmla_b4p4096_cg_on_b4_f1_p4096_layers5_backend_auto_decodebackend_flashmla_cg_on_pcg_off_tp1_marker_on_profile_nsys,decode,4,4096,16384,1,auto,flashmla,on,True,21008870,21011878,3008,0.003008,0,1,13,194,8589934634.0,2.0,"[4, 1, 1]","[32, 28, 1]",norm,flashinfer,"void flashinfer::norm::FusedAddRMSNormKernel<(unsigned int)8, __nv_bfloat16>(T2 *, T2 *, T2 *, unsigned int, unsigned int, unsigned int, float, float)",FusedAddRMSNormKernel
51,20260626_153812_decode_stage1_decode_flashmla_b4p4096_cg_on_b4_f1_p4096_layers5_backend_auto_decodebackend_flashmla_cg_on_pcg_off_tp1_marker_on_profile_nsys,decode,4,4096,16384,1,auto,flashmla,on,True,21012294,21013862,1568,0.001568,0,1,13,194,8589934635.0,2.0,"[14, 1, 1]","[256, 1, 1]",quant,sglang,"void per_token_group_quant_8bit_kernel<__nv_bfloat16, __nv_fp8_e4m3, (bool)1, (bool)0, float>(const T1 *, void *, T5 *, int, int, int, float, float, float, int, int)",per_token_group_quant_8bit_kernel
52,20260626_153812_decode_stage1_decode_flashmla_b4p4096_cg_on_b4_f1_p4096_layers5_backend_auto_decodebackend_flashmla_cg_on_pcg_off_tp1_marker_on_profile_nsys,decode,4,4096,16384,1,auto,flashmla,on,True,21014470,21105382,90912,0.090912,0,1,13,194,8589934636.0,2.0,"[128, 1, 1]","[256, 1, 1]",gemm,deepgemm,"void deep_gemm::sm90_fp8_gemm_1d2d_impl<(cute::UMMA::Major)0, (unsigned int)0, (unsigned int)36864, (unsigned int)7168, (unsigned int)1, (unsigned int)16, (unsigned int)144, (unsigned int)128, (unsigned int)128, (unsigned int)128, (unsigned int)32, (unsigned int)11, (unsigned int)1, (unsigned int)128, (unsigned int)128, (unsigned int)1, (bool)0, (unsigned int)128, (deep_gemm::GemmType)0, deep_gemm::EpilogueIdentity, (bool)0>(float *, int *, int *, unsigned int, unsigned int, unsigned int, CUtensorMap_st, CUtensorMap_st, CUtensorMap_st, CUtensorMap_st)",sm90_fp8_gemm_1d2d_impl
53,20260626_153812_decode_stage1_decode_flashmla_b4p4096_cg_on_b4_f1_p4096_layers5_backend_auto_decodebackend_flashmla_cg_on_pcg_off_tp1_marker_on_profile_nsys,decode,4,4096,16384,1,auto,flashmla,on,True,21105926,21109574,3648,0.003648,0,1,13,194,8589934637.0,2.0,"[4, 1, 1]","[1024, 1, 1]",activation,flashinfer,"void flashinfer::activation::act_and_mul_kernel<__nv_bfloat16, &silu<float>>(T1 *, const T1 *, int)",act_and_mul_kernel
54,20260626_153812_decode_stage1_decode_flashmla_b4p4096_cg_on_b4_f1_p4096_layers5_backend_auto_decodebackend_flashmla_cg_on_pcg_off_tp1_marker_on_profile_nsys,decode,4,4096,16384,1,auto,flashmla,on,True,21109990,21112006,2016,0.002016,0,1,13,194,8589934638.0,2.0,"[36, 1, 1]","[256, 1, 1]",quant,sglang,"void per_token_group_quant_8bit_kernel<__nv_bfloat16, __nv_fp8_e4m3, (bool)1, (bool)0, float>(const T1 *, void *, T5 *, int, int, int, float, float, float, int, int)",per_token_group_quant_8bit_kernel
55,20260626_153812_decode_stage1_decode_flashmla_b4p4096_cg_on_b4_f1_p4096_layers5_backend_auto_decodebackend_flashmla_cg_on_pcg_off_tp1_marker_on_profile_nsys,decode,4,4096,16384,1,auto,flashmla,on,True,21112454,21161189,48735,0.048735,0,1,13,194,8589934639.0,2.0,"[112, 1, 1]","[256, 1, 1]",gemm,deepgemm,"void deep_gemm::sm90_fp8_gemm_1d2d_impl<(cute::UMMA::Major)0, (unsigned int)0, (unsigned int)7168, (unsigned int)18432, (unsigned int)1, (unsigned int)16, (unsigned int)64, (unsigned int)128, (unsigned int)128, (unsigned int)128, (unsigned int)128, (unsigned int)22, (unsigned int)12, (unsigned int)128, (unsigned int)128, (unsigned int)1, (bool)0, (unsigned int)112, (deep_gemm::GemmType)0, deep_gemm::EpilogueIdentity, (bool)0>(float *, int *, int *, unsigned int, unsigned int, unsigned int, CUtensorMap_st, CUtensorMap_st, CUtensorMap_st, CUtensorMap_st)",sm90_fp8_gemm_1d2d_impl
56,20260626_153812_decode_stage1_decode_flashmla_b4p4096_cg_on_b4_f1_p4096_layers5_backend_auto_decodebackend_flashmla_cg_on_pcg_off_tp1_marker_on_profile_nsys,decode,4,4096,16384,1,auto,flashmla,on,True,21161190,21164390,3200,0.0032,0,1,13,194,8589934640.0,2.0,"[4, 1, 1]","[32, 28, 1]",norm,flashinfer,"void flashinfer::norm::FusedAddRMSNormKernel<(unsigned int)8, __nv_bfloat16>(T2 *, T2 *, T2 *, unsigned int, unsigned int, unsigned int, float, float)",FusedAddRMSNormKernel
57,20260626_153812_decode_stage1_decode_flashmla_b4p4096_cg_on_b4_f1_p4096_layers5_backend_auto_decodebackend_flashmla_cg_on_pcg_off_tp1_marker_on_profile_nsys,decode,4,4096,16384,1,auto,flashmla,on,True,21164838,21166470,1632,0.001632,0,1,13,194,8589934641.0,2.0,"[14, 1, 1]","[256, 1, 1]",quant,sglang,"void per_token_group_quant_8bit_kernel<__nv_bfloat16, __nv_fp8_e4m3, (bool)1, (bool)0, float>(const T1 *, void *, T5 *, int, int, int, float, float, float, int, int)",per_token_group_quant_8bit_kernel
58,20260626_153812_decode_stage1_decode_flashmla_b4p4096_cg_on_b4_f1_p4096_layers5_backend_auto_decodebackend_flashmla_cg_on_pcg_off_tp1_marker_on_profile_nsys,decode,4,4096,16384,1,auto,flashmla,on,True,21166886,21181094,14208,0.014208,0,1,13,194,8589934642.0,2.0,"[132, 1, 1]","[256, 1, 1]",gemm,deepgemm,"void deep_gemm::sm90_fp8_gemm_1d2d_impl<(cute::UMMA::Major)0, (unsigned int)0, (unsigned int)2112, (unsigned int)7168, (unsigned int)1, (unsigned int)16, (unsigned int)16, (unsigned int)128, (unsigned int)128, (unsigned int)128, (unsigned int)32, (unsigned int)32, (unsigned int)24, (unsigned int)128, (unsigned int)128, (unsigned int)1, (bool)0, (unsigned int)132, (deep_gemm::GemmType)0, deep_gemm::EpilogueIdentity, (bool)0>(float *, int *, int *, unsigned int, unsigned int, unsigned int, CUtensorMap_st, CUtensorMap_st, CUtensorMap_st, CUtensorMap_st)",sm90_fp8_gemm_1d2d_impl
59,20260626_153812_decode_stage1_decode_flashmla_b4p4096_cg_on_b4_f1_p4096_layers5_backend_auto_decodebackend_flashmla_cg_on_pcg_off_tp1_marker_on_profile_nsys,decode,4,4096,16384,1,auto,flashmla,on,True,21181254,21183238,1984,0.001984,0,1,13,194,8589934643.0,2.0,"[4, 1, 1]","[32, 6, 1]",norm,flashinfer,"void flashinfer::norm::RMSNormKernel<(unsigned int)8, __nv_bfloat16>(T2 *, T2 *, T2 *, unsigned int, unsigned int, unsigned int, float, float)",RMSNormKernel
60,20260626_153812_decode_stage1_decode_flashmla_b4p4096_cg_on_b4_f1_p4096_layers5_backend_auto_decodebackend_flashmla_cg_on_pcg_off_tp1_marker_on_profile_nsys,decode,4,4096,16384,1,auto,flashmla,on,True,21181542,21183494,1952,0.001952,0,1,142,194,8589934644.0,2.0,"[4, 1, 1]","[32, 2, 1]",norm,flashinfer,"void flashinfer::norm::RMSNormKernel<(unsigned int)8, __nv_bfloat16>(T2 *, T2 *, T2 *, unsigned int, unsigned int, unsigned int, float, float)",RMSNormKernel
61,20260626_153812_decode_stage1_decode_flashmla_b4p4096_cg_on_b4_f1_p4096_layers5_backend_auto_decodebackend_flashmla_cg_on_pcg_off_tp1_marker_on_profile_nsys,decode,4,4096,16384,1,auto,flashmla,on,True,21184070,21185574,1504,0.001504,0,1,13,194,8589934645.0,2.0,"[3, 1, 1]","[256, 1, 1]",quant,sglang,"void per_token_group_quant_8bit_kernel<__nv_bfloat16, __nv_fp8_e4m3, (bool)1, (bool)0, float>(const T1 *, void *, T5 *, int, int, int, float, float, float, int, int)",per_token_group_quant_8bit_kernel
62,20260626_153812_decode_stage1_decode_flashmla_b4p4096_cg_on_b4_f1_p4096_layers5_backend_auto_decodebackend_flashmla_cg_on_pcg_off_tp1_marker_on_profile_nsys,decode,4,4096,16384,1,auto,flashmla,on,True,21186086,21203206,17120,0.01712,0,1,13,194,8589934646.0,2.0,"[128, 1, 1]","[256, 1, 1]",gemm,deepgemm,"void deep_gemm::sm90_fp8_gemm_1d2d_impl<(cute::UMMA::Major)0, (unsigned int)0, (unsigned int)24576, (unsigned int)1536, (unsigned int)1, (unsigned int)16, (unsigned int)192, (unsigned int)128, (unsigned int)128, (unsigned int)128, (unsigned int)128, (unsigned int)4, (unsigned int)0, (unsigned int)128, (unsigned int)128, (unsigned int)1, (bool)0, (unsigned int)128, (deep_gemm::GemmType)0, deep_gemm::EpilogueIdentity, (bool)0>(float *, int *, int *, unsigned int, unsigned int, unsigned int, CUtensorMap_st, CUtensorMap_st, CUtensorMap_st, CUtensorMap_st)",sm90_fp8_gemm_1d2d_impl
63,20260626_153812_decode_stage1_decode_flashmla_b4p4096_cg_on_b4_f1_p4096_layers5_backend_auto_decodebackend_flashmla_cg_on_pcg_off_tp1_marker_on_profile_nsys,decode,4,4096,16384,1,auto,flashmla,on,True,21203782,21211590,7808,0.007808,0,1,13,194,8589934647.0,2.0,"[2, 66, 1]","[384, 1, 1]",bmm,torch,nvjet_tst_256x8_64x6_2x1_v_bz_TNT,nvjet_tst_256x8_64x6_2x1_v_bz_TNT
64,20260626_153812_decode_stage1_decode_flashmla_b4p4096_cg_on_b4_f1_p4096_layers5_backend_auto_decodebackend_flashmla_cg_on_pcg_off_tp1_marker_on_profile_nsys,decode,4,4096,16384,1,auto,flashmla,on,True,21212038,21213926,1888,0.001888,0,1,13,194,8589934648.0,2.0,"[1, 129, 1]","[8, 16, 1]",support,flashinfer,"void flashinfer::BatchQKApplyRotaryPosIdsCosSinCacheHeadParallelismKernel<(bool)1, (unsigned int)64, (unsigned int)8, (unsigned int)8, __nv_bfloat16, long>(T5 *, T5 *, T5 *, T5 *, float *, T6 *, unsigned int, unsigned int, unsigned int, unsigned int, unsigned long, unsigned long, unsigned long, unsigned long, unsigned long, unsigned long, unsigned long, unsigned long)",BatchQKApplyRotaryPosIdsCosSinCacheHeadParallelismKernel
65,20260626_153812_decode_stage1_decode_flashmla_b4p4096_cg_on_b4_f1_p4096_layers5_backend_auto_decodebackend_flashmla_cg_on_pcg_off_tp1_marker_on_profile_nsys,decode,4,4096,16384,1,auto,flashmla,on,True,21214342,21217830,3488,0.003488,0,1,13,194,8589934649.0,2.0,"[264, 2, 1]","[512, 1, 1]",torch_misc,torch,"void at::native::<unnamed>::CatArrayBatchedCopy<at::native::<unnamed>::OpaqueType<(unsigned int)2>, unsigned int, (int)3, (int)64, (int)64>(T1 *, at::native::<unnamed>::CatArrInputTensorMetadata<T1, T2, T4, T5>, at::native::<unnamed>::TensorSizeStride<T2, (unsigned int)4>, int, T2)",CatArrayBatchedCopy
66,20260626_153812_decode_stage1_decode_flashmla_b4p4096_cg_on_b4_f1_p4096_layers5_backend_auto_decodebackend_flashmla_cg_on_pcg_off_tp1_marker_on_profile_nsys,decode,4,4096,16384,1,auto,flashmla,on,True,21218214,21220358,2144,0.002144,0,1,13,194,8589934650.0,2.0,"[264, 2, 1]","[512, 1, 1]",torch_misc,torch,"void at::native::<unnamed>::CatArrayBatchedCopy<at::native::<unnamed>::OpaqueType<(unsigned int)2>, unsigned int, (int)3, (int)64, (int)64>(T1 *, at::native::<unnamed>::CatArrInputTensorMetadata<T1, T2, T4, T5>, at::native::<unnamed>::TensorSizeStride<T2, (unsigned int)4>, int, T2)",CatArrayBatchedCopy
67,20260626_153812_decode_stage1_decode_flashmla_b4p4096_cg_on_b4_f1_p4096_layers5_backend_auto_decodebackend_flashmla_cg_on_pcg_off_tp1_marker_on_profile_nsys,decode,4,4096,16384,1,auto,flashmla,on,True,21220742,21224166,3424,0.003424,0,1,13,194,8589934651.0,2.0,"[5, 1, 1]","[128, 1, 1]",torch_misc,torch,"void at::native::index_elementwise_kernel<(int)128, (int)4, void at::native::gpu_index_kernel<void at::native::index_put_kernel_impl<at::native::OpaqueType<(int)2>>(at::TensorIterator &, c10::ArrayRef<long>, c10::ArrayRef<long>)::[lambda(char *, const char *, long) (instance 1)]>(at::TensorIteratorBase &, c10::ArrayRef<long>, c10::ArrayRef<long>, const T1 &, bool)::[lambda(int) (instance 1)]>(long, T3)",index_elementwise_kernel
68,20260626_153812_decode_stage1_decode_flashmla_b4p4096_cg_on_b4_f1_p4096_layers5_backend_auto_decodebackend_flashmla_cg_on_pcg_off_tp1_marker_on_profile_nsys,decode,4,4096,16384,1,auto,flashmla,on,True,21224326,21250534,26208,0.026208,0,1,13,194,8589934652.0,2.0,"[2, 1, 66]","[256, 1, 1]",other,unknown,"void sm90::flash_fwd_splitkv_mla_kernel<Traits<cutlass::bfloat16_t>, TmaParams<cute::tuple<int, int, int, int>, cute::TiledCopy<cute::Copy_Atom<cute::Copy_Traits<cute::SM90_TMA_LOAD, cute::C<(int)65536>, cute::AuxTmaParams<cute::tuple<cute::ScaledBasis<cute::C<(int)1>, (int)1>, cute::ScaledBasis<cute::C<(int)1>, (int)0>, cute::ScaledBasis<cute::C<(int)1>, (int)2>, cute::ScaledBasis<cute::C<(int)1>, (int)3>>, const cute::Layout<cute::tuple<cute::C<(int)64>, cute::C<(int)64>, cute::C<(int)1>, cute::C<(int)1>>, cute::tuple<cute::ScaledBasis<cute::C<(int)1>, (int)1>, cute::ScaledBasis<cute::C<(int)1>, (int)0>, cute::ScaledBasis<cute::C<(int)1>, (int)2>, cute::ScaledBasis<cute::C<(int)1>, (int)3>>> &, const cute::Swizzle<(int)3, (int)4, (int)3> &>>, cutlass::bfloat16_t>, cute::Layout<cute::tuple<cute::C<(int)1>, cute::tuple<cute::tuple<cute::tuple<cute::C<(int)64>, cute::C<(int)64>>, cute::C<(int)9>>>>, cute::tuple<cute::C<(int)0>, cute::tuple<cute::tuple<cute::tuple<cute::C<(int)64>, cute::C<(int)1>>, cute::C<(int)4096>>>>>, cute::tuple<cute::C<(int)64>, cute::C<(int)576>>>, cute::tuple<cute::C<(int)64>, cute::C<(int)576>, int, int>, cute::TiledCopy<cute::Copy_Atom<cute::Copy_Traits<cute::SM90_TMA_LOAD, cute::C<(int)65536>, cute::AuxTmaParams<cute::tuple<cute::ScaledBasis<cute::C<(int)1>, (int)1>, cute::ScaledBasis<cute::C<(int)1>, (int)0>, cute::ScaledBasis<cute::C<(int)1>, (int)2>, cute::ScaledBasis<cute::C<(int)1>, (int)3>>, const cute::Layout<cute::tuple<cute::C<(int)64>, cute::C<(int)64>, cute::C<(int)1>, cute::C<(int)1>>, cute::tuple<cute::ScaledBasis<cute::C<(int)1>, (int)1>, cute::ScaledBasis<cute::C<(int)1>, (int)0>, cute::ScaledBasis<cute::C<(int)1>, (int)2>, cute::ScaledBasis<cute::C<(int)1>, (int)3>>> &, const cute::Swizzle<(int)3, (int)4, (int)3> &>>, cutlass::bfloat16_t>, cute::Layout<cute::tuple<cute::C<(int)1>, cute::tuple<cute::tuple<cute::tuple<cute::C<(int)64>, cute::C<(int)64>>, cute::C<(int)1>>>>, cute::tuple<cute::C<(int)0>, cute::tuple<cute::tuple<cute::tuple<cute::C<(int)64>, cute::C<(int)1>>, cute::C<(int)0>>>>>, cute::tuple<cute::C<(int)64>, cute::C<(int)64>>>, cute::tuple<int, int, int, int>, cute::TiledCopy<cute::Copy_Atom<cute::Copy_Traits<cute::SM90_TMA_STORE, cute::C<(int)65536>, cute::AuxTmaParams<cute::tuple<cute::ScaledBasis<cute::C<(int)1>, (int)1>, cute::ScaledBasis<cute::C<(int)1>, (int)0>, cute::ScaledBasis<cute::C<(int)1>, (int)2>, cute::ScaledBasis<cute::C<(int)1>, (int)3>>, const cute::Layout<cute::tuple<cute::C<(int)64>, cute::C<(int)64>, cute::C<(int)1>, cute::C<(int)1>>, cute::tuple<cute::ScaledBasis<cute::C<(int)1>, (int)1>, cute::ScaledBasis<cute::C<(int)1>, (int)0>, cute::ScaledBasis<cute::C<(int)1>, (int)2>, cute::ScaledBasis<cute::C<(int)1>, (int)3>>> &, const cute::Swizzle<(int)3, (int)4, (int)3> &>>, cutlass::bfloat16_t>, cute::Layout<cute::tuple<cute::C<(int)1>, cute::tuple<cute::tuple<cute::tuple<cute::C<(int)64>, cute::C<(int)64>>, cute::C<(int)8>>>>, cute::tuple<cute::C<(int)0>, cute::tuple<cute::tuple<cute::tuple<cute::C<(int)64>, cute::C<(int)1>>, cute::C<(int)4096>>>>>, cute::tuple<cute::C<(int)64>, cute::C<(int)512>>>>>(DecodingParams, T2)",flash_fwd_splitkv_mla_kernel
69,20260626_153812_decode_stage1_decode_flashmla_b4p4096_cg_on_b4_f1_p4096_layers5_backend_auto_decodebackend_flashmla_cg_on_pcg_off_tp1_marker_on_profile_nsys,decode,4,4096,16384,1,auto,flashmla,on,True,21244966,21261798,16832,0.016832,0,1,13,194,8589934653.0,2.0,"[16, 4, 1]","[256, 1, 1]",attention,flashmla,"void flash_fwd_mla_combine_kernel<cutlass::bfloat16_t, (int)512, (int)8, (int)96, (int)256>(DecodingParams)",flash_fwd_mla_combine_kernel
70,20260626_153812_decode_stage1_decode_flashmla_b4p4096_cg_on_b4_f1_p4096_layers5_backend_auto_decodebackend_flashmla_cg_on_pcg_off_tp1_marker_on_profile_nsys,decode,4,4096,16384,1,auto,flashmla,on,True,21262502,21270822,8320,0.00832,0,1,13,194,8589934654.0,2.0,"[1, 128, 1]","[384, 1, 1]",bmm,torch,nvjet_tst_128x8_64x12_1x1_h_bz_TNT,nvjet_tst_128x8_64x12_1x1_h_bz_TNT
71,20260626_153812_decode_stage1_decode_flashmla_b4p4096_cg_on_b4_f1_p4096_layers5_backend_auto_decodebackend_flashmla_cg_on_pcg_off_tp1_marker_on_profile_nsys,decode,4,4096,16384,1,auto,flashmla,on,True,21271334,21273158,1824,0.001824,0,1,13,194,8589934655.0,2.0,"[32, 1, 1]","[256, 1, 1]",quant,sglang,"void per_token_group_quant_8bit_kernel<__nv_bfloat16, __nv_fp8_e4m3, (bool)1, (bool)0, float>(const T1 *, void *, T5 *, int, int, int, float, float, float, int, int)",per_token_group_quant_8bit_kernel
72,20260626_153812_decode_stage1_decode_flashmla_b4p4096_cg_on_b4_f1_p4096_layers5_backend_auto_decodebackend_flashmla_cg_on_pcg_off_tp1_marker_on_profile_nsys,decode,4,4096,16384,1,auto,flashmla,on,True,21273606,21322725,49119,0.049119,0,1,13,194,8589934656.0,2.0,"[112, 1, 1]","[256, 1, 1]",gemm,deepgemm,"void deep_gemm::sm90_fp8_gemm_1d2d_impl<(cute::UMMA::Major)0, (unsigned int)0, (unsigned int)7168, (unsigned int)16384, (unsigned int)1, (unsigned int)16, (unsigned int)64, (unsigned int)128, (unsigned int)128, (unsigned int)128, (unsigned int)128, (unsigned int)22, (unsigned int)18, (unsigned int)128, (unsigned int)128, (unsigned int)1, (bool)0, (unsigned int)112, (deep_gemm::GemmType)0, deep_gemm::EpilogueIdentity, (bool)0>(float *, int *, int *, unsigned int, unsigned int, unsigned int, CUtensorMap_st, CUtensorMap_st, CUtensorMap_st, CUtensorMap_st)",sm90_fp8_gemm_1d2d_impl
73,20260626_153812_decode_stage1_decode_flashmla_b4p4096_cg_on_b4_f1_p4096_layers5_backend_auto_decodebackend_flashmla_cg_on_pcg_off_tp1_marker_on_profile_nsys,decode,4,4096,16384,1,auto,flashmla,on,True,21322726,21325734,3008,0.003008,0,1,13,194,8589934657.0,2.0,"[4, 1, 1]","[32, 28, 1]",norm,flashinfer,"void flashinfer::norm::FusedAddRMSNormKernel<(unsigned int)8, __nv_bfloat16>(T2 *, T2 *, T2 *, unsigned int, unsigned int, unsigned int, float, float)",FusedAddRMSNormKernel
74,20260626_153812_decode_stage1_decode_flashmla_b4p4096_cg_on_b4_f1_p4096_layers5_backend_auto_decodebackend_flashmla_cg_on_pcg_off_tp1_marker_on_profile_nsys,decode,4,4096,16384,1,auto,flashmla,on,True,21326150,21327782,1632,0.001632,0,1,13,194,8589934658.0,2.0,"[14, 1, 1]","[256, 1, 1]",quant,sglang,"void per_token_group_quant_8bit_kernel<__nv_bfloat16, __nv_fp8_e4m3, (bool)1, (bool)0, float>(const T1 *, void *, T5 *, int, int, int, float, float, float, int, int)",per_token_group_quant_8bit_kernel
75,20260626_153812_decode_stage1_decode_flashmla_b4p4096_cg_on_b4_f1_p4096_layers5_backend_auto_decodebackend_flashmla_cg_on_pcg_off_tp1_marker_on_profile_nsys,decode,4,4096,16384,1,auto,flashmla,on,True,21328230,21417958,89728,0.089728,0,1,13,194,8589934659.0,2.0,"[128, 1, 1]","[256, 1, 1]",gemm,deepgemm,"void deep_gemm::sm90_fp8_gemm_1d2d_impl<(cute::UMMA::Major)0, (unsigned int)0, (unsigned int)36864, (unsigned int)7168, (unsigned int)1, (unsigned int)16, (unsigned int)144, (unsigned int)128, (unsigned int)128, (unsigned int)128, (unsigned int)32, (unsigned int)11, (unsigned int)1, (unsigned int)128, (unsigned int)128, (unsigned int)1, (bool)0, (unsigned int)128, (deep_gemm::GemmType)0, deep_gemm::EpilogueIdentity, (bool)0>(float *, int *, int *, unsigned int, unsigned int, unsigned int, CUtensorMap_st, CUtensorMap_st, CUtensorMap_st, CUtensorMap_st)",sm90_fp8_gemm_1d2d_impl
76,20260626_153812_decode_stage1_decode_flashmla_b4p4096_cg_on_b4_f1_p4096_layers5_backend_auto_decodebackend_flashmla_cg_on_pcg_off_tp1_marker_on_profile_nsys,decode,4,4096,16384,1,auto,flashmla,on,True,21418534,21422214,3680,0.00368,0,1,13,194,8589934660.0,2.0,"[4, 1, 1]","[1024, 1, 1]",activation,flashinfer,"void flashinfer::activation::act_and_mul_kernel<__nv_bfloat16, &silu<float>>(T1 *, const T1 *, int)",act_and_mul_kernel
77,20260626_153812_decode_stage1_decode_flashmla_b4p4096_cg_on_b4_f1_p4096_layers5_backend_auto_decodebackend_flashmla_cg_on_pcg_off_tp1_marker_on_profile_nsys,decode,4,4096,16384,1,auto,flashmla,on,True,21422662,21424678,2016,0.002016,0,1,13,194,8589934661.0,2.0,"[36, 1, 1]","[256, 1, 1]",quant,sglang,"void per_token_group_quant_8bit_kernel<__nv_bfloat16, __nv_fp8_e4m3, (bool)1, (bool)0, float>(const T1 *, void *, T5 *, int, int, int, float, float, float, int, int)",per_token_group_quant_8bit_kernel
78,20260626_153812_decode_stage1_decode_flashmla_b4p4096_cg_on_b4_f1_p4096_layers5_backend_auto_decodebackend_flashmla_cg_on_pcg_off_tp1_marker_on_profile_nsys,decode,4,4096,16384,1,auto,flashmla,on,True,21425318,21475174,49856,0.049856,0,1,13,194,8589934662.0,2.0,"[112, 1, 1]","[256, 1, 1]",gemm,deepgemm,"void deep_gemm::sm90_fp8_gemm_1d2d_impl<(cute::UMMA::Major)0, (unsigned int)0, (unsigned int)7168, (unsigned int)18432, (unsigned int)1, (unsigned int)16, (unsigned int)64, (unsigned int)128, (unsigned int)128, (unsigned int)128, (unsigned int)128, (unsigned int)22, (unsigned int)12, (unsigned int)128, (unsigned int)128, (unsigned int)1, (bool)0, (unsigned int)112, (deep_gemm::GemmType)0, deep_gemm::EpilogueIdentity, (bool)0>(float *, int *, int *, unsigned int, unsigned int, unsigned int, CUtensorMap_st, CUtensorMap_st, CUtensorMap_st, CUtensorMap_st)",sm90_fp8_gemm_1d2d_impl
79,20260626_153812_decode_stage1_decode_flashmla_b4p4096_cg_on_b4_f1_p4096_layers5_backend_auto_decodebackend_flashmla_cg_on_pcg_off_tp1_marker_on_profile_nsys,decode,4,4096,16384,1,auto,flashmla,on,True,21475206,21478342,3136,0.003136,0,1,13,194,8589934663.0,2.0,"[4, 1, 1]","[32, 28, 1]",norm,flashinfer,"void flashinfer::norm::FusedAddRMSNormKernel<(unsigned int)8, __nv_bfloat16>(T2 *, T2 *, T2 *, unsigned int, unsigned int, unsigned int, float, float)",FusedAddRMSNormKernel
80,20260626_153812_decode_stage1_decode_flashmla_b4p4096_cg_on_b4_f1_p4096_layers5_backend_auto_decodebackend_flashmla_cg_on_pcg_off_tp1_marker_on_profile_nsys,decode,4,4096,16384,1,auto,flashmla,on,True,21478758,21480454,1696,0.001696,0,1,13,194,8589934664.0,2.0,"[14, 1, 1]","[256, 1, 1]",quant,sglang,"void per_token_group_quant_8bit_kernel<__nv_bfloat16, __nv_fp8_e4m3, (bool)1, (bool)0, float>(const T1 *, void *, T5 *, int, int, int, float, float, float, int, int)",per_token_group_quant_8bit_kernel
81,20260626_153812_decode_stage1_decode_flashmla_b4p4096_cg_on_b4_f1_p4096_layers5_backend_auto_decodebackend_flashmla_cg_on_pcg_off_tp1_marker_on_profile_nsys,decode,4,4096,16384,1,auto,flashmla,on,True,21480870,21495078,14208,0.014208,0,1,13,194,8589934665.0,2.0,"[132, 1, 1]","[256, 1, 1]",gemm,deepgemm,"void deep_gemm::sm90_fp8_gemm_1d2d_impl<(cute::UMMA::Major)0, (unsigned int)0, (unsigned int)2112, (unsigned int)7168, (unsigned int)1, (unsigned int)16, (unsigned int)16, (unsigned int)128, (unsigned int)128, (unsigned int)128, (unsigned int)32, (unsigned int)32, (unsigned int)24, (unsigned int)128, (unsigned int)128, (unsigned int)1, (bool)0, (unsigned int)132, (deep_gemm::GemmType)0, deep_gemm::EpilogueIdentity, (bool)0>(float *, int *, int *, unsigned int, unsigned int, unsigned int, CUtensorMap_st, CUtensorMap_st, CUtensorMap_st, CUtensorMap_st)",sm90_fp8_gemm_1d2d_impl
82,20260626_153812_decode_stage1_decode_flashmla_b4p4096_cg_on_b4_f1_p4096_layers5_backend_auto_decodebackend_flashmla_cg_on_pcg_off_tp1_marker_on_profile_nsys,decode,4,4096,16384,1,auto,flashmla,on,True,21495654,21497670,2016,0.002016,0,1,13,194,8589934666.0,2.0,"[4, 1, 1]","[32, 6, 1]",norm,flashinfer,"void flashinfer::norm::RMSNormKernel<(unsigned int)8, __nv_bfloat16>(T2 *, T2 *, T2 *, unsigned int, unsigned int, unsigned int, float, float)",RMSNormKernel
83,20260626_153812_decode_stage1_decode_flashmla_b4p4096_cg_on_b4_f1_p4096_layers5_backend_auto_decodebackend_flashmla_cg_on_pcg_off_tp1_marker_on_profile_nsys,decode,4,4096,16384,1,auto,flashmla,on,True,21495814,21497958,2144,0.002144,0,1,142,194,8589934667.0,2.0,"[4, 1, 1]","[32, 2, 1]",norm,flashinfer,"void flashinfer::norm::RMSNormKernel<(unsigned int)8, __nv_bfloat16>(T2 *, T2 *, T2 *, unsigned int, unsigned int, unsigned int, float, float)",RMSNormKernel
84,20260626_153812_decode_stage1_decode_flashmla_b4p4096_cg_on_b4_f1_p4096_layers5_backend_auto_decodebackend_flashmla_cg_on_pcg_off_tp1_marker_on_profile_nsys,decode,4,4096,16384,1,auto,flashmla,on,True,21498374,21499942,1568,0.001568,0,1,13,194,8589934668.0,2.0,"[3, 1, 1]","[256, 1, 1]",quant,sglang,"void per_token_group_quant_8bit_kernel<__nv_bfloat16, __nv_fp8_e4m3, (bool)1, (bool)0, float>(const T1 *, void *, T5 *, int, int, int, float, float, float, int, int)",per_token_group_quant_8bit_kernel
85,20260626_153812_decode_stage1_decode_flashmla_b4p4096_cg_on_b4_f1_p4096_layers5_backend_auto_decodebackend_flashmla_cg_on_pcg_off_tp1_marker_on_profile_nsys,decode,4,4096,16384,1,auto,flashmla,on,True,21500422,21516710,16288,0.016288,0,1,13,194,8589934669.0,2.0,"[128, 1, 1]","[256, 1, 1]",gemm,deepgemm,"void deep_gemm::sm90_fp8_gemm_1d2d_impl<(cute::UMMA::Major)0, (unsigned int)0, (unsigned int)24576, (unsigned int)1536, (unsigned int)1, (unsigned int)16, (unsigned int)192, (unsigned int)128, (unsigned int)128, (unsigned int)128, (unsigned int)128, (unsigned int)4, (unsigned int)0, (unsigned int)128, (unsigned int)128, (unsigned int)1, (bool)0, (unsigned int)128, (deep_gemm::GemmType)0, deep_gemm::EpilogueIdentity, (bool)0>(float *, int *, int *, unsigned int, unsigned int, unsigned int, CUtensorMap_st, CUtensorMap_st, CUtensorMap_st, CUtensorMap_st)",sm90_fp8_gemm_1d2d_impl
86,20260626_153812_decode_stage1_decode_flashmla_b4p4096_cg_on_b4_f1_p4096_layers5_backend_auto_decodebackend_flashmla_cg_on_pcg_off_tp1_marker_on_profile_nsys,decode,4,4096,16384,1,auto,flashmla,on,True,21517318,21525094,7776,0.007776,0,1,13,194,8589934670.0,2.0,"[2, 66, 1]","[384, 1, 1]",bmm,torch,nvjet_tst_256x8_64x6_2x1_v_bz_TNT,nvjet_tst_256x8_64x6_2x1_v_bz_TNT
87,20260626_153812_decode_stage1_decode_flashmla_b4p4096_cg_on_b4_f1_p4096_layers5_backend_auto_decodebackend_flashmla_cg_on_pcg_off_tp1_marker_on_profile_nsys,decode,4,4096,16384,1,auto,flashmla,on,True,21525702,21527686,1984,0.001984,0,1,13,194,8589934671.0,2.0,"[1, 129, 1]","[8, 16, 1]",support,flashinfer,"void flashinfer::BatchQKApplyRotaryPosIdsCosSinCacheHeadParallelismKernel<(bool)1, (unsigned int)64, (unsigned int)8, (unsigned int)8, __nv_bfloat16, long>(T5 *, T5 *, T5 *, T5 *, float *, T6 *, unsigned int, unsigned int, unsigned int, unsigned int, unsigned long, unsigned long, unsigned long, unsigned long, unsigned long, unsigned long, unsigned long, unsigned long)",BatchQKApplyRotaryPosIdsCosSinCacheHeadParallelismKernel
88,20260626_153812_decode_stage1_decode_flashmla_b4p4096_cg_on_b4_f1_p4096_layers5_backend_auto_decodebackend_flashmla_cg_on_pcg_off_tp1_marker_on_profile_nsys,decode,4,4096,16384,1,auto,flashmla,on,True,21528102,21531558,3456,0.003456,0,1,13,194,8589934672.0,2.0,"[264, 2, 1]","[512, 1, 1]",torch_misc,torch,"void at::native::<unnamed>::CatArrayBatchedCopy<at::native::<unnamed>::OpaqueType<(unsigned int)2>, unsigned int, (int)3, (int)64, (int)64>(T1 *, at::native::<unnamed>::CatArrInputTensorMetadata<T1, T2, T4, T5>, at::native::<unnamed>::TensorSizeStride<T2, (unsigned int)4>, int, T2)",CatArrayBatchedCopy
89,20260626_153812_decode_stage1_decode_flashmla_b4p4096_cg_on_b4_f1_p4096_layers5_backend_auto_decodebackend_flashmla_cg_on_pcg_off_tp1_marker_on_profile_nsys,decode,4,4096,16384,1,auto,flashmla,on,True,21531974,21534054,2080,0.00208,0,1,13,194,8589934673.0,2.0,"[264, 2, 1]","[512, 1, 1]",torch_misc,torch,"void at::native::<unnamed>::CatArrayBatchedCopy<at::native::<unnamed>::OpaqueType<(unsigned int)2>, unsigned int, (int)3, (int)64, (int)64>(T1 *, at::native::<unnamed>::CatArrInputTensorMetadata<T1, T2, T4, T5>, at::native::<unnamed>::TensorSizeStride<T2, (unsigned int)4>, int, T2)",CatArrayBatchedCopy
90,20260626_153812_decode_stage1_decode_flashmla_b4p4096_cg_on_b4_f1_p4096_layers5_backend_auto_decodebackend_flashmla_cg_on_pcg_off_tp1_marker_on_profile_nsys,decode,4,4096,16384,1,auto,flashmla,on,True,21534470,21537766,3296,0.003296,0,1,13,194,8589934674.0,2.0,"[5, 1, 1]","[128, 1, 1]",torch_misc,torch,"void at::native::index_elementwise_kernel<(int)128, (int)4, void at::native::gpu_index_kernel<void at::native::index_put_kernel_impl<at::native::OpaqueType<(int)2>>(at::TensorIterator &, c10::ArrayRef<long>, c10::ArrayRef<long>)::[lambda(char *, const char *, long) (instance 1)]>(at::TensorIteratorBase &, c10::ArrayRef<long>, c10::ArrayRef<long>, const T1 &, bool)::[lambda(int) (instance 1)]>(long, T3)",index_elementwise_kernel
91,20260626_153812_decode_stage1_decode_flashmla_b4p4096_cg_on_b4_f1_p4096_layers5_backend_auto_decodebackend_flashmla_cg_on_pcg_off_tp1_marker_on_profile_nsys,decode,4,4096,16384,1,auto,flashmla,on,True,21537926,21564006,26080,0.02608,0,1,13,194,8589934675.0,2.0,"[2, 1, 66]","[256, 1, 1]",other,unknown,"void sm90::flash_fwd_splitkv_mla_kernel<Traits<cutlass::bfloat16_t>, TmaParams<cute::tuple<int, int, int, int>, cute::TiledCopy<cute::Copy_Atom<cute::Copy_Traits<cute::SM90_TMA_LOAD, cute::C<(int)65536>, cute::AuxTmaParams<cute::tuple<cute::ScaledBasis<cute::C<(int)1>, (int)1>, cute::ScaledBasis<cute::C<(int)1>, (int)0>, cute::ScaledBasis<cute::C<(int)1>, (int)2>, cute::ScaledBasis<cute::C<(int)1>, (int)3>>, const cute::Layout<cute::tuple<cute::C<(int)64>, cute::C<(int)64>, cute::C<(int)1>, cute::C<(int)1>>, cute::tuple<cute::ScaledBasis<cute::C<(int)1>, (int)1>, cute::ScaledBasis<cute::C<(int)1>, (int)0>, cute::ScaledBasis<cute::C<(int)1>, (int)2>, cute::ScaledBasis<cute::C<(int)1>, (int)3>>> &, const cute::Swizzle<(int)3, (int)4, (int)3> &>>, cutlass::bfloat16_t>, cute::Layout<cute::tuple<cute::C<(int)1>, cute::tuple<cute::tuple<cute::tuple<cute::C<(int)64>, cute::C<(int)64>>, cute::C<(int)9>>>>, cute::tuple<cute::C<(int)0>, cute::tuple<cute::tuple<cute::tuple<cute::C<(int)64>, cute::C<(int)1>>, cute::C<(int)4096>>>>>, cute::tuple<cute::C<(int)64>, cute::C<(int)576>>>, cute::tuple<cute::C<(int)64>, cute::C<(int)576>, int, int>, cute::TiledCopy<cute::Copy_Atom<cute::Copy_Traits<cute::SM90_TMA_LOAD, cute::C<(int)65536>, cute::AuxTmaParams<cute::tuple<cute::ScaledBasis<cute::C<(int)1>, (int)1>, cute::ScaledBasis<cute::C<(int)1>, (int)0>, cute::ScaledBasis<cute::C<(int)1>, (int)2>, cute::ScaledBasis<cute::C<(int)1>, (int)3>>, const cute::Layout<cute::tuple<cute::C<(int)64>, cute::C<(int)64>, cute::C<(int)1>, cute::C<(int)1>>, cute::tuple<cute::ScaledBasis<cute::C<(int)1>, (int)1>, cute::ScaledBasis<cute::C<(int)1>, (int)0>, cute::ScaledBasis<cute::C<(int)1>, (int)2>, cute::ScaledBasis<cute::C<(int)1>, (int)3>>> &, const cute::Swizzle<(int)3, (int)4, (int)3> &>>, cutlass::bfloat16_t>, cute::Layout<cute::tuple<cute::C<(int)1>, cute::tuple<cute::tuple<cute::tuple<cute::C<(int)64>, cute::C<(int)64>>, cute::C<(int)1>>>>, cute::tuple<cute::C<(int)0>, cute::tuple<cute::tuple<cute::tuple<cute::C<(int)64>, cute::C<(int)1>>, cute::C<(int)0>>>>>, cute::tuple<cute::C<(int)64>, cute::C<(int)64>>>, cute::tuple<int, int, int, int>, cute::TiledCopy<cute::Copy_Atom<cute::Copy_Traits<cute::SM90_TMA_STORE, cute::C<(int)65536>, cute::AuxTmaParams<cute::tuple<cute::ScaledBasis<cute::C<(int)1>, (int)1>, cute::ScaledBasis<cute::C<(int)1>, (int)0>, cute::ScaledBasis<cute::C<(int)1>, (int)2>, cute::ScaledBasis<cute::C<(int)1>, (int)3>>, const cute::Layout<cute::tuple<cute::C<(int)64>, cute::C<(int)64>, cute::C<(int)1>, cute::C<(int)1>>, cute::tuple<cute::ScaledBasis<cute::C<(int)1>, (int)1>, cute::ScaledBasis<cute::C<(int)1>, (int)0>, cute::ScaledBasis<cute::C<(int)1>, (int)2>, cute::ScaledBasis<cute::C<(int)1>, (int)3>>> &, const cute::Swizzle<(int)3, (int)4, (int)3> &>>, cutlass::bfloat16_t>, cute::Layout<cute::tuple<cute::C<(int)1>, cute::tuple<cute::tuple<cute::tuple<cute::C<(int)64>, cute::C<(int)64>>, cute::C<(int)8>>>>, cute::tuple<cute::C<(int)0>, cute::tuple<cute::tuple<cute::tuple<cute::C<(int)64>, cute::C<(int)1>>, cute::C<(int)4096>>>>>, cute::tuple<cute::C<(int)64>, cute::C<(int)512>>>>>(DecodingParams, T2)",flash_fwd_splitkv_mla_kernel
92,20260626_153812_decode_stage1_decode_flashmla_b4p4096_cg_on_b4_f1_p4096_layers5_backend_auto_decodebackend_flashmla_cg_on_pcg_off_tp1_marker_on_profile_nsys,decode,4,4096,16384,1,auto,flashmla,on,True,21558566,21575270,16704,0.016704,0,1,13,194,8589934676.0,2.0,"[16, 4, 1]","[256, 1, 1]",attention,flashmla,"void flash_fwd_mla_combine_kernel<cutlass::bfloat16_t, (int)512, (int)8, (int)96, (int)256>(DecodingParams)",flash_fwd_mla_combine_kernel
93,20260626_153812_decode_stage1_decode_flashmla_b4p4096_cg_on_b4_f1_p4096_layers5_backend_auto_decodebackend_flashmla_cg_on_pcg_off_tp1_marker_on_profile_nsys,decode,4,4096,16384,1,auto,flashmla,on,True,21575846,21584358,8512,0.008512,0,1,13,194,8589934677.0,2.0,"[1, 128, 1]","[384, 1, 1]",bmm,torch,nvjet_tst_128x8_64x12_1x1_h_bz_TNT,nvjet_tst_128x8_64x12_1x1_h_bz_TNT
94,20260626_153812_decode_stage1_decode_flashmla_b4p4096_cg_on_b4_f1_p4096_layers5_backend_auto_decodebackend_flashmla_cg_on_pcg_off_tp1_marker_on_profile_nsys,decode,4,4096,16384,1,auto,flashmla,on,True,21584870,21586822,1952,0.001952,0,1,13,194,8589934678.0,2.0,"[32, 1, 1]","[256, 1, 1]",quant,sglang,"void per_token_group_quant_8bit_kernel<__nv_bfloat16, __nv_fp8_e4m3, (bool)1, (bool)0, float>(const T1 *, void *, T5 *, int, int, int, float, float, float, int, int)",per_token_group_quant_8bit_kernel
95,20260626_153812_decode_stage1_decode_flashmla_b4p4096_cg_on_b4_f1_p4096_layers5_backend_auto_decodebackend_flashmla_cg_on_pcg_off_tp1_marker_on_profile_nsys,decode,4,4096,16384,1,auto,flashmla,on,True,21587270,21638373,51103,0.051103,0,1,13,194,8589934679.0,2.0,"[112, 1, 1]","[256, 1, 1]",gemm,deepgemm,"void deep_gemm::sm90_fp8_gemm_1d2d_impl<(cute::UMMA::Major)0, (unsigned int)0, (unsigned int)7168, (unsigned int)16384, (unsigned int)1, (unsigned int)16, (unsigned int)64, (unsigned int)128, (unsigned int)128, (unsigned int)128, (unsigned int)128, (unsigned int)22, (unsigned int)18, (unsigned int)128, (unsigned int)128, (unsigned int)1, (bool)0, (unsigned int)112, (deep_gemm::GemmType)0, deep_gemm::EpilogueIdentity, (bool)0>(float *, int *, int *, unsigned int, unsigned int, unsigned int, CUtensorMap_st, CUtensorMap_st, CUtensorMap_st, CUtensorMap_st)",sm90_fp8_gemm_1d2d_impl
96,20260626_153812_decode_stage1_decode_flashmla_b4p4096_cg_on_b4_f1_p4096_layers5_backend_auto_decodebackend_flashmla_cg_on_pcg_off_tp1_marker_on_profile_nsys,decode,4,4096,16384,1,auto,flashmla,on,True,21638374,21641382,3008,0.003008,0,1,13,194,8589934680.0,2.0,"[4, 1, 1]","[32, 28, 1]",norm,flashinfer,"void flashinfer::norm::FusedAddRMSNormKernel<(unsigned int)8, __nv_bfloat16>(T2 *, T2 *, T2 *, unsigned int, unsigned int, unsigned int, float, float)",FusedAddRMSNormKernel
97,20260626_153812_decode_stage1_decode_flashmla_b4p4096_cg_on_b4_f1_p4096_layers5_backend_auto_decodebackend_flashmla_cg_on_pcg_off_tp1_marker_on_profile_nsys,decode,4,4096,16384,1,auto,flashmla,on,True,21641286,21644934,3648,0.003648,0,1,13,194,8589934681.0,2.0,"[256, 1, 1]","[128, 1, 1]",other,unknown,"void router_gemm_kernel_float_output<__nv_bfloat16, (int)128, (int)8, (int)4, (int)256, (int)7168>(float *, const T1 *, const T1 *)",router_gemm_kernel_float_output
98,20260626_153812_decode_stage1_decode_flashmla_b4p4096_cg_on_b4_f1_p4096_layers5_backend_auto_decodebackend_flashmla_cg_on_pcg_off_tp1_marker_on_profile_nsys,decode,4,4096,16384,1,auto,flashmla,on,True,21645478,21655270,9792,0.009792,0,1,13,194,8589934682.0,2.0,"[1, 1, 1]","[32, 6, 1]",other,unknown,"void moe_fused_gate_kernel<float, (int)32, (int)256, (int)8, (int)4, (int)24, (int)6>(void *, void *, float *, int *, long, long, long, long, double, bool)",moe_fused_gate_kernel
99,20260626_153812_decode_stage1_decode_flashmla_b4p4096_cg_on_b4_f1_p4096_layers5_backend_auto_decodebackend_flashmla_cg_on_pcg_off_tp1_marker_on_profile_nsys,decode,4,4096,16384,1,auto,flashmla,on,True,21655686,21658566,2880,0.00288,0,1,13,194,8589934683.0,2.0,"[2, 1, 1]","[1024, 1, 1]",other,unknown,"void moe_align_block_size_kernel<int>(const T1 *, int *, int *, int *, int, int, unsigned long, int *, bool, int, int)",moe_align_block_size_kernel
100,20260626_153812_decode_stage1_decode_flashmla_b4p4096_cg_on_b4_f1_p4096_layers5_backend_auto_decodebackend_flashmla_cg_on_pcg_off_tp1_marker_on_profile_nsys,decode,4,4096,16384,1,auto,flashmla,on,True,21658982,21660326,1344,0.001344,0,1,13,194,8589934684.0,2.0,"[1, 1, 1]","[256, 1, 1]",other,unknown,"void count_and_sort_expert_tokens_kernel<int>(const T1 *, int *, int *, unsigned long)",count_and_sort_expert_tokens_kernel
101,20260626_153812_decode_stage1_decode_flashmla_b4p4096_cg_on_b4_f1_p4096_layers5_backend_auto_decodebackend_flashmla_cg_on_pcg_off_tp1_marker_on_profile_nsys,decode,4,4096,16384,1,auto,flashmla,on,True,21660774,21662278,1504,0.001504,0,1,13,194,8589934685.0,2.0,"[14, 1, 1]","[256, 1, 1]",quant,sglang,"void per_token_group_quant_8bit_kernel<__nv_bfloat16, __nv_fp8_e4m3, (bool)0, (bool)0, float>(const T1 *, void *, T5 *, int, int, int, float, float, float, int, int)",per_token_group_quant_8bit_kernel
102,20260626_153812_decode_stage1_decode_flashmla_b4p4096_cg_on_b4_f1_p4096_layers5_backend_auto_decodebackend_flashmla_cg_on_pcg_off_tp1_marker_on_profile_nsys,decode,4,4096,16384,1,auto,flashmla,on,True,21662694,21769926,107232,0.107232,0,1,13,194,8589934686.0,2.0,"[1152, 1, 1]","[128, 1, 1]",other,unknown,fused_moe_kernel,fused_moe_kernel
103,20260626_153812_decode_stage1_decode_flashmla_b4p4096_cg_on_b4_f1_p4096_layers5_backend_auto_decodebackend_flashmla_cg_on_pcg_off_tp1_marker_on_profile_nsys,decode,4,4096,16384,1,auto,flashmla,on,True,21770182,21771782,1600,0.0016,0,1,13,194,8589934687.0,2.0,"[36, 1, 1]","[256, 1, 1]",activation,flashinfer,"void flashinfer::activation::act_and_mul_kernel<__nv_bfloat16, &silu<float>>(T1 *, const T1 *, int)",act_and_mul_kernel
104,20260626_153812_decode_stage1_decode_flashmla_b4p4096_cg_on_b4_f1_p4096_layers5_backend_auto_decodebackend_flashmla_cg_on_pcg_off_tp1_marker_on_profile_nsys,decode,4,4096,16384,1,auto,flashmla,on,True,21772198,21773766,1568,0.001568,0,1,13,194,8589934688.0,2.0,"[36, 1, 1]","[256, 1, 1]",quant,sglang,"void per_token_group_quant_8bit_kernel<__nv_bfloat16, __nv_fp8_e4m3, (bool)0, (bool)0, float>(const T1 *, void *, T5 *, int, int, int, float, float, float, int, int)",per_token_group_quant_8bit_kernel
105,20260626_153812_decode_stage1_decode_flashmla_b4p4096_cg_on_b4_f1_p4096_layers5_backend_auto_decodebackend_flashmla_cg_on_pcg_off_tp1_marker_on_profile_nsys,decode,4,4096,16384,1,auto,flashmla,on,True,21774182,21823014,48832,0.048832,0,1,13,194,8589934689.0,2.0,"[2016, 1, 1]","[128, 1, 1]",other,unknown,fused_moe_kernel,fused_moe_kernel
106,20260626_153812_decode_stage1_decode_flashmla_b4p4096_cg_on_b4_f1_p4096_layers5_backend_auto_decodebackend_flashmla_cg_on_pcg_off_tp1_marker_on_profile_nsys,decode,4,4096,16384,1,auto,flashmla,on,True,21823302,21825318,2016,0.002016,0,1,13,194,8589934690.0,2.0,"[896, 1, 1]","[128, 1, 1]",triton_misc,triton,triton_per_fused_copy__mul_sum_0,triton_per_fused_copy__mul_sum_0
107,20260626_153812_decode_stage1_decode_flashmla_b4p4096_cg_on_b4_f1_p4096_layers5_backend_auto_decodebackend_flashmla_cg_on_pcg_off_tp1_marker_on_profile_nsys,decode,4,4096,16384,1,auto,flashmla,on,True,21825478,21828486,3008,0.003008,0,1,13,194,8589934691.0,2.0,"[4, 1, 1]","[32, 28, 1]",norm,flashinfer,"void flashinfer::norm::FusedAddRMSNormKernel<(unsigned int)8, __nv_bfloat16>(T2 *, T2 *, T2 *, unsigned int, unsigned int, unsigned int, float, float)",FusedAddRMSNormKernel
108,20260626_153812_decode_stage1_decode_flashmla_b4p4096_cg_on_b4_f1_p4096_layers5_backend_auto_decodebackend_flashmla_cg_on_pcg_off_tp1_marker_on_profile_nsys,decode,4,4096,16384,1,auto,flashmla,on,True,21828902,21830630,1728,0.001728,0,1,13,194,8589934692.0,2.0,"[14, 1, 1]","[256, 1, 1]",quant,sglang,"void per_token_group_quant_8bit_kernel<__nv_bfloat16, __nv_fp8_e4m3, (bool)1, (bool)0, float>(const T1 *, void *, T5 *, int, int, int, float, float, float, int, int)",per_token_group_quant_8bit_kernel
109,20260626_153812_decode_stage1_decode_flashmla_b4p4096_cg_on_b4_f1_p4096_layers5_backend_auto_decodebackend_flashmla_cg_on_pcg_off_tp1_marker_on_profile_nsys,decode,4,4096,16384,1,auto,flashmla,on,True,21831238,21845126,13888,0.013888,0,1,13,194,8589934693.0,2.0,"[132, 1, 1]","[256, 1, 1]",gemm,deepgemm,"void deep_gemm::sm90_fp8_gemm_1d2d_impl<(cute::UMMA::Major)0, (unsigned int)0, (unsigned int)2112, (unsigned int)7168, (unsigned int)1, (unsigned int)16, (unsigned int)16, (unsigned int)128, (unsigned int)128, (unsigned int)128, (unsigned int)32, (unsigned int)32, (unsigned int)24, (unsigned int)128, (unsigned int)128, (unsigned int)1, (bool)0, (unsigned int)132, (deep_gemm::GemmType)0, deep_gemm::EpilogueIdentity, (bool)0>(float *, int *, int *, unsigned int, unsigned int, unsigned int, CUtensorMap_st, CUtensorMap_st, CUtensorMap_st, CUtensorMap_st)",sm90_fp8_gemm_1d2d_impl
110,20260626_153812_decode_stage1_decode_flashmla_b4p4096_cg_on_b4_f1_p4096_layers5_backend_auto_decodebackend_flashmla_cg_on_pcg_off_tp1_marker_on_profile_nsys,decode,4,4096,16384,1,auto,flashmla,on,True,21845382,21847430,2048,0.002048,0,1,13,194,8589934694.0,2.0,"[4, 1, 1]","[32, 6, 1]",norm,flashinfer,"void flashinfer::norm::RMSNormKernel<(unsigned int)8, __nv_bfloat16>(T2 *, T2 *, T2 *, unsigned int, unsigned int, unsigned int, float, float)",RMSNormKernel
111,20260626_153812_decode_stage1_decode_flashmla_b4p4096_cg_on_b4_f1_p4096_layers5_backend_auto_decodebackend_flashmla_cg_on_pcg_off_tp1_marker_on_profile_nsys,decode,4,4096,16384,1,auto,flashmla,on,True,21845606,21847718,2112,0.002112,0,1,142,194,8589934695.0,2.0,"[4, 1, 1]","[32, 2, 1]",norm,flashinfer,"void flashinfer::norm::RMSNormKernel<(unsigned int)8, __nv_bfloat16>(T2 *, T2 *, T2 *, unsigned int, unsigned int, unsigned int, float, float)",RMSNormKernel
112,20260626_153812_decode_stage1_decode_flashmla_b4p4096_cg_on_b4_f1_p4096_layers5_backend_auto_decodebackend_flashmla_cg_on_pcg_off_tp1_marker_on_profile_nsys,decode,4,4096,16384,1,auto,flashmla,on,True,21848582,21850214,1632,0.001632,0,1,13,194,8589934696.0,2.0,"[3, 1, 1]","[256, 1, 1]",quant,sglang,"void per_token_group_quant_8bit_kernel<__nv_bfloat16, __nv_fp8_e4m3, (bool)1, (bool)0, float>(const T1 *, void *, T5 *, int, int, int, float, float, float, int, int)",per_token_group_quant_8bit_kernel
113,20260626_153812_decode_stage1_decode_flashmla_b4p4096_cg_on_b4_f1_p4096_layers5_backend_auto_decodebackend_flashmla_cg_on_pcg_off_tp1_marker_on_profile_nsys,decode,4,4096,16384,1,auto,flashmla,on,True,21850854,21866790,15936,0.015936,0,1,13,194,8589934697.0,2.0,"[128, 1, 1]","[256, 1, 1]",gemm,deepgemm,"void deep_gemm::sm90_fp8_gemm_1d2d_impl<(cute::UMMA::Major)0, (unsigned int)0, (unsigned int)24576, (unsigned int)1536, (unsigned int)1, (unsigned int)16, (unsigned int)192, (unsigned int)128, (unsigned int)128, (unsigned int)128, (unsigned int)128, (unsigned int)4, (unsigned int)0, (unsigned int)128, (unsigned int)128, (unsigned int)1, (bool)0, (unsigned int)128, (deep_gemm::GemmType)0, deep_gemm::EpilogueIdentity, (bool)0>(float *, int *, int *, unsigned int, unsigned int, unsigned int, CUtensorMap_st, CUtensorMap_st, CUtensorMap_st, CUtensorMap_st)",sm90_fp8_gemm_1d2d_impl
114,20260626_153812_decode_stage1_decode_flashmla_b4p4096_cg_on_b4_f1_p4096_layers5_backend_auto_decodebackend_flashmla_cg_on_pcg_off_tp1_marker_on_profile_nsys,decode,4,4096,16384,1,auto,flashmla,on,True,21867366,21875238,7872,0.007872,0,1,13,194,8589934698.0,2.0,"[2, 66, 1]","[384, 1, 1]",bmm,torch,nvjet_tst_256x8_64x6_2x1_v_bz_TNT,nvjet_tst_256x8_64x6_2x1_v_bz_TNT
115,20260626_153812_decode_stage1_decode_flashmla_b4p4096_cg_on_b4_f1_p4096_layers5_backend_auto_decodebackend_flashmla_cg_on_pcg_off_tp1_marker_on_profile_nsys,decode,4,4096,16384,1,auto,flashmla,on,True,21875686,21877542,1856,0.001856,0,1,13,194,8589934699.0,2.0,"[1, 129, 1]","[8, 16, 1]",support,flashinfer,"void flashinfer::BatchQKApplyRotaryPosIdsCosSinCacheHeadParallelismKernel<(bool)1, (unsigned int)64, (unsigned int)8, (unsigned int)8, __nv_bfloat16, long>(T5 *, T5 *, T5 *, T5 *, float *, T6 *, unsigned int, unsigned int, unsigned int, unsigned int, unsigned long, unsigned long, unsigned long, unsigned long, unsigned long, unsigned long, unsigned long, unsigned long)",BatchQKApplyRotaryPosIdsCosSinCacheHeadParallelismKernel
116,20260626_153812_decode_stage1_decode_flashmla_b4p4096_cg_on_b4_f1_p4096_layers5_backend_auto_decodebackend_flashmla_cg_on_pcg_off_tp1_marker_on_profile_nsys,decode,4,4096,16384,1,auto,flashmla,on,True,21877958,21881382,3424,0.003424,0,1,13,194,8589934700.0,2.0,"[264, 2, 1]","[512, 1, 1]",torch_misc,torch,"void at::native::<unnamed>::CatArrayBatchedCopy<at::native::<unnamed>::OpaqueType<(unsigned int)2>, unsigned int, (int)3, (int)64, (int)64>(T1 *, at::native::<unnamed>::CatArrInputTensorMetadata<T1, T2, T4, T5>, at::native::<unnamed>::TensorSizeStride<T2, (unsigned int)4>, int, T2)",CatArrayBatchedCopy
117,20260626_153812_decode_stage1_decode_flashmla_b4p4096_cg_on_b4_f1_p4096_layers5_backend_auto_decodebackend_flashmla_cg_on_pcg_off_tp1_marker_on_profile_nsys,decode,4,4096,16384,1,auto,flashmla,on,True,21881830,21883910,2080,0.00208,0,1,13,194,8589934701.0,2.0,"[264, 2, 1]","[512, 1, 1]",torch_misc,torch,"void at::native::<unnamed>::CatArrayBatchedCopy<at::native::<unnamed>::OpaqueType<(unsigned int)2>, unsigned int, (int)3, (int)64, (int)64>(T1 *, at::native::<unnamed>::CatArrInputTensorMetadata<T1, T2, T4, T5>, at::native::<unnamed>::TensorSizeStride<T2, (unsigned int)4>, int, T2)",CatArrayBatchedCopy
118,20260626_153812_decode_stage1_decode_flashmla_b4p4096_cg_on_b4_f1_p4096_layers5_backend_auto_decodebackend_flashmla_cg_on_pcg_off_tp1_marker_on_profile_nsys,decode,4,4096,16384,1,auto,flashmla,on,True,21884326,21887494,3168,0.003168,0,1,13,194,8589934702.0,2.0,"[5, 1, 1]","[128, 1, 1]",torch_misc,torch,"void at::native::index_elementwise_kernel<(int)128, (int)4, void at::native::gpu_index_kernel<void at::native::index_put_kernel_impl<at::native::OpaqueType<(int)2>>(at::TensorIterator &, c10::ArrayRef<long>, c10::ArrayRef<long>)::[lambda(char *, const char *, long) (instance 1)]>(at::TensorIteratorBase &, c10::ArrayRef<long>, c10::ArrayRef<long>, const T1 &, bool)::[lambda(int) (instance 1)]>(long, T3)",index_elementwise_kernel
119,20260626_153812_decode_stage1_decode_flashmla_b4p4096_cg_on_b4_f1_p4096_layers5_backend_auto_decodebackend_flashmla_cg_on_pcg_off_tp1_marker_on_profile_nsys,decode,4,4096,16384,1,auto,flashmla,on,True,21887686,21914086,26400,0.0264,0,1,13,194,8589934703.0,2.0,"[2, 1, 66]","[256, 1, 1]",other,unknown,"void sm90::flash_fwd_splitkv_mla_kernel<Traits<cutlass::bfloat16_t>, TmaParams<cute::tuple<int, int, int, int>, cute::TiledCopy<cute::Copy_Atom<cute::Copy_Traits<cute::SM90_TMA_LOAD, cute::C<(int)65536>, cute::AuxTmaParams<cute::tuple<cute::ScaledBasis<cute::C<(int)1>, (int)1>, cute::ScaledBasis<cute::C<(int)1>, (int)0>, cute::ScaledBasis<cute::C<(int)1>, (int)2>, cute::ScaledBasis<cute::C<(int)1>, (int)3>>, const cute::Layout<cute::tuple<cute::C<(int)64>, cute::C<(int)64>, cute::C<(int)1>, cute::C<(int)1>>, cute::tuple<cute::ScaledBasis<cute::C<(int)1>, (int)1>, cute::ScaledBasis<cute::C<(int)1>, (int)0>, cute::ScaledBasis<cute::C<(int)1>, (int)2>, cute::ScaledBasis<cute::C<(int)1>, (int)3>>> &, const cute::Swizzle<(int)3, (int)4, (int)3> &>>, cutlass::bfloat16_t>, cute::Layout<cute::tuple<cute::C<(int)1>, cute::tuple<cute::tuple<cute::tuple<cute::C<(int)64>, cute::C<(int)64>>, cute::C<(int)9>>>>, cute::tuple<cute::C<(int)0>, cute::tuple<cute::tuple<cute::tuple<cute::C<(int)64>, cute::C<(int)1>>, cute::C<(int)4096>>>>>, cute::tuple<cute::C<(int)64>, cute::C<(int)576>>>, cute::tuple<cute::C<(int)64>, cute::C<(int)576>, int, int>, cute::TiledCopy<cute::Copy_Atom<cute::Copy_Traits<cute::SM90_TMA_LOAD, cute::C<(int)65536>, cute::AuxTmaParams<cute::tuple<cute::ScaledBasis<cute::C<(int)1>, (int)1>, cute::ScaledBasis<cute::C<(int)1>, (int)0>, cute::ScaledBasis<cute::C<(int)1>, (int)2>, cute::ScaledBasis<cute::C<(int)1>, (int)3>>, const cute::Layout<cute::tuple<cute::C<(int)64>, cute::C<(int)64>, cute::C<(int)1>, cute::C<(int)1>>, cute::tuple<cute::ScaledBasis<cute::C<(int)1>, (int)1>, cute::ScaledBasis<cute::C<(int)1>, (int)0>, cute::ScaledBasis<cute::C<(int)1>, (int)2>, cute::ScaledBasis<cute::C<(int)1>, (int)3>>> &, const cute::Swizzle<(int)3, (int)4, (int)3> &>>, cutlass::bfloat16_t>, cute::Layout<cute::tuple<cute::C<(int)1>, cute::tuple<cute::tuple<cute::tuple<cute::C<(int)64>, cute::C<(int)64>>, cute::C<(int)1>>>>, cute::tuple<cute::C<(int)0>, cute::tuple<cute::tuple<cute::tuple<cute::C<(int)64>, cute::C<(int)1>>, cute::C<(int)0>>>>>, cute::tuple<cute::C<(int)64>, cute::C<(int)64>>>, cute::tuple<int, int, int, int>, cute::TiledCopy<cute::Copy_Atom<cute::Copy_Traits<cute::SM90_TMA_STORE, cute::C<(int)65536>, cute::AuxTmaParams<cute::tuple<cute::ScaledBasis<cute::C<(int)1>, (int)1>, cute::ScaledBasis<cute::C<(int)1>, (int)0>, cute::ScaledBasis<cute::C<(int)1>, (int)2>, cute::ScaledBasis<cute::C<(int)1>, (int)3>>, const cute::Layout<cute::tuple<cute::C<(int)64>, cute::C<(int)64>, cute::C<(int)1>, cute::C<(int)1>>, cute::tuple<cute::ScaledBasis<cute::C<(int)1>, (int)1>, cute::ScaledBasis<cute::C<(int)1>, (int)0>, cute::ScaledBasis<cute::C<(int)1>, (int)2>, cute::ScaledBasis<cute::C<(int)1>, (int)3>>> &, const cute::Swizzle<(int)3, (int)4, (int)3> &>>, cutlass::bfloat16_t>, cute::Layout<cute::tuple<cute::C<(int)1>, cute::tuple<cute::tuple<cute::tuple<cute::C<(int)64>, cute::C<(int)64>>, cute::C<(int)8>>>>, cute::tuple<cute::C<(int)0>, cute::tuple<cute::tuple<cute::tuple<cute::C<(int)64>, cute::C<(int)1>>, cute::C<(int)4096>>>>>, cute::tuple<cute::C<(int)64>, cute::C<(int)512>>>>>(DecodingParams, T2)",flash_fwd_splitkv_mla_kernel
120,20260626_153812_decode_stage1_decode_flashmla_b4p4096_cg_on_b4_f1_p4096_layers5_backend_auto_decodebackend_flashmla_cg_on_pcg_off_tp1_marker_on_profile_nsys,decode,4,4096,16384,1,auto,flashmla,on,True,21909254,21925222,15968,0.015968,0,1,13,194,8589934704.0,2.0,"[16, 4, 1]","[256, 1, 1]",attention,flashmla,"void flash_fwd_mla_combine_kernel<cutlass::bfloat16_t, (int)512, (int)8, (int)96, (int)256>(DecodingParams)",flash_fwd_mla_combine_kernel
121,20260626_153812_decode_stage1_decode_flashmla_b4p4096_cg_on_b4_f1_p4096_layers5_backend_auto_decodebackend_flashmla_cg_on_pcg_off_tp1_marker_on_profile_nsys,decode,4,4096,16384,1,auto,flashmla,on,True,21925926,21934310,8384,0.008384,0,1,13,194,8589934705.0,2.0,"[1, 128, 1]","[384, 1, 1]",bmm,torch,nvjet_tst_128x8_64x12_1x1_h_bz_TNT,nvjet_tst_128x8_64x12_1x1_h_bz_TNT
122,20260626_153812_decode_stage1_decode_flashmla_b4p4096_cg_on_b4_f1_p4096_layers5_backend_auto_decodebackend_flashmla_cg_on_pcg_off_tp1_marker_on_profile_nsys,decode,4,4096,16384,1,auto,flashmla,on,True,21934758,21936550,1792,0.001792,0,1,13,194,8589934706.0,2.0,"[32, 1, 1]","[256, 1, 1]",quant,sglang,"void per_token_group_quant_8bit_kernel<__nv_bfloat16, __nv_fp8_e4m3, (bool)1, (bool)0, float>(const T1 *, void *, T5 *, int, int, int, float, float, float, int, int)",per_token_group_quant_8bit_kernel
123,20260626_153812_decode_stage1_decode_flashmla_b4p4096_cg_on_b4_f1_p4096_layers5_backend_auto_decodebackend_flashmla_cg_on_pcg_off_tp1_marker_on_profile_nsys,decode,4,4096,16384,1,auto,flashmla,on,True,21936966,21986342,49376,0.049376,0,1,13,194,8589934707.0,2.0,"[112, 1, 1]","[256, 1, 1]",gemm,deepgemm,"void deep_gemm::sm90_fp8_gemm_1d2d_impl<(cute::UMMA::Major)0, (unsigned int)0, (unsigned int)7168, (unsigned int)16384, (unsigned int)1, (unsigned int)16, (unsigned int)64, (unsigned int)128, (unsigned int)128, (unsigned int)128, (unsigned int)128, (unsigned int)22, (unsigned int)18, (unsigned int)128, (unsigned int)128, (unsigned int)1, (bool)0, (unsigned int)112, (deep_gemm::GemmType)0, deep_gemm::EpilogueIdentity, (bool)0>(float *, int *, int *, unsigned int, unsigned int, unsigned int, CUtensorMap_st, CUtensorMap_st, CUtensorMap_st, CUtensorMap_st)",sm90_fp8_gemm_1d2d_impl
124,20260626_153812_decode_stage1_decode_flashmla_b4p4096_cg_on_b4_f1_p4096_layers5_backend_auto_decodebackend_flashmla_cg_on_pcg_off_tp1_marker_on_profile_nsys,decode,4,4096,16384,1,auto,flashmla,on,True,21986310,21989382,3072,0.003072,0,1,13,194,8589934708.0,2.0,"[4, 1, 1]","[32, 28, 1]",norm,flashinfer,"void flashinfer::norm::FusedAddRMSNormKernel<(unsigned int)8, __nv_bfloat16>(T2 *, T2 *, T2 *, unsigned int, unsigned int, unsigned int, float, float)",FusedAddRMSNormKernel
125,20260626_153812_decode_stage1_decode_flashmla_b4p4096_cg_on_b4_f1_p4096_layers5_backend_auto_decodebackend_flashmla_cg_on_pcg_off_tp1_marker_on_profile_nsys,decode,4,4096,16384,1,auto,flashmla,on,True,21989574,21993030,3456,0.003456,0,1,13,194,8589934709.0,2.0,"[256, 1, 1]","[128, 1, 1]",other,unknown,"void router_gemm_kernel_float_output<__nv_bfloat16, (int)128, (int)8, (int)4, (int)256, (int)7168>(float *, const T1 *, const T1 *)",router_gemm_kernel_float_output
126,20260626_153812_decode_stage1_decode_flashmla_b4p4096_cg_on_b4_f1_p4096_layers5_backend_auto_decodebackend_flashmla_cg_on_pcg_off_tp1_marker_on_profile_nsys,decode,4,4096,16384,1,auto,flashmla,on,True,21993446,22003142,9696,0.009696,0,1,13,194,8589934710.0,2.0,"[1, 1, 1]","[32, 6, 1]",other,unknown,"void moe_fused_gate_kernel<float, (int)32, (int)256, (int)8, (int)4, (int)24, (int)6>(void *, void *, float *, int *, long, long, long, long, double, bool)",moe_fused_gate_kernel
127,20260626_153812_decode_stage1_decode_flashmla_b4p4096_cg_on_b4_f1_p4096_layers5_backend_auto_decodebackend_flashmla_cg_on_pcg_off_tp1_marker_on_profile_nsys,decode,4,4096,16384,1,auto,flashmla,on,True,22003526,22006310,2784,0.002784,0,1,13,194,8589934711.0,2.0,"[2, 1, 1]","[1024, 1, 1]",other,unknown,"void moe_align_block_size_kernel<int>(const T1 *, int *, int *, int *, int, int, unsigned long, int *, bool, int, int)",moe_align_block_size_kernel
128,20260626_153812_decode_stage1_decode_flashmla_b4p4096_cg_on_b4_f1_p4096_layers5_backend_auto_decodebackend_flashmla_cg_on_pcg_off_tp1_marker_on_profile_nsys,decode,4,4096,16384,1,auto,flashmla,on,True,22006726,22008134,1408,0.001408,0,1,13,194,8589934712.0,2.0,"[1, 1, 1]","[256, 1, 1]",other,unknown,"void count_and_sort_expert_tokens_kernel<int>(const T1 *, int *, int *, unsigned long)",count_and_sort_expert_tokens_kernel
129,20260626_153812_decode_stage1_decode_flashmla_b4p4096_cg_on_b4_f1_p4096_layers5_backend_auto_decodebackend_flashmla_cg_on_pcg_off_tp1_marker_on_profile_nsys,decode,4,4096,16384,1,auto,flashmla,on,True,22008774,22010278,1504,0.001504,0,1,13,194,8589934713.0,2.0,"[14, 1, 1]","[256, 1, 1]",quant,sglang,"void per_token_group_quant_8bit_kernel<__nv_bfloat16, __nv_fp8_e4m3, (bool)0, (bool)0, float>(const T1 *, void *, T5 *, int, int, int, float, float, float, int, int)",per_token_group_quant_8bit_kernel
130,20260626_153812_decode_stage1_decode_flashmla_b4p4096_cg_on_b4_f1_p4096_layers5_backend_auto_decodebackend_flashmla_cg_on_pcg_off_tp1_marker_on_profile_nsys,decode,4,4096,16384,1,auto,flashmla,on,True,22010694,22120358,109664,0.109664,0,1,13,194,8589934714.0,2.0,"[1152, 1, 1]","[128, 1, 1]",other,unknown,fused_moe_kernel,fused_moe_kernel
131,20260626_153812_decode_stage1_decode_flashmla_b4p4096_cg_on_b4_f1_p4096_layers5_backend_auto_decodebackend_flashmla_cg_on_pcg_off_tp1_marker_on_profile_nsys,decode,4,4096,16384,1,auto,flashmla,on,True,22120646,22122342,1696,0.001696,0,1,13,194,8589934715.0,2.0,"[36, 1, 1]","[256, 1, 1]",activation,flashinfer,"void flashinfer::activation::act_and_mul_kernel<__nv_bfloat16, &silu<float>>(T1 *, const T1 *, int)",act_and_mul_kernel
132,20260626_153812_decode_stage1_decode_flashmla_b4p4096_cg_on_b4_f1_p4096_layers5_backend_auto_decodebackend_flashmla_cg_on_pcg_off_tp1_marker_on_profile_nsys,decode,4,4096,16384,1,auto,flashmla,on,True,22122758,22124294,1536,0.001536,0,1,13,194,8589934716.0,2.0,"[36, 1, 1]","[256, 1, 1]",quant,sglang,"void per_token_group_quant_8bit_kernel<__nv_bfloat16, __nv_fp8_e4m3, (bool)0, (bool)0, float>(const T1 *, void *, T5 *, int, int, int, float, float, float, int, int)",per_token_group_quant_8bit_kernel
133,20260626_153812_decode_stage1_decode_flashmla_b4p4096_cg_on_b4_f1_p4096_layers5_backend_auto_decodebackend_flashmla_cg_on_pcg_off_tp1_marker_on_profile_nsys,decode,4,4096,16384,1,auto,flashmla,on,True,22124710,22172902,48192,0.048192,0,1,13,194,8589934717.0,2.0,"[2016, 1, 1]","[128, 1, 1]",other,unknown,fused_moe_kernel,fused_moe_kernel
134,20260626_153812_decode_stage1_decode_flashmla_b4p4096_cg_on_b4_f1_p4096_layers5_backend_auto_decodebackend_flashmla_cg_on_pcg_off_tp1_marker_on_profile_nsys,decode,4,4096,16384,1,auto,flashmla,on,True,22173158,22175110,1952,0.001952,0,1,13,194,8589934718.0,2.0,"[896, 1, 1]","[128, 1, 1]",triton_misc,triton,triton_per_fused_copy__mul_sum_0,triton_per_fused_copy__mul_sum_0
135,20260626_153812_decode_stage1_decode_flashmla_b4p4096_cg_on_b4_f1_p4096_layers5_backend_auto_decodebackend_flashmla_cg_on_pcg_off_tp1_marker_on_profile_nsys,decode,4,4096,16384,1,auto,flashmla,on,True,22175302,22178438,3136,0.003136,0,1,13,194,8589934719.0,2.0,"[4, 1, 1]","[32, 28, 1]",norm,flashinfer,"void flashinfer::norm::FusedAddRMSNormKernel<(unsigned int)8, __nv_bfloat16>(T2 *, T2 *, T2 *, unsigned int, unsigned int, unsigned int, float, float)",FusedAddRMSNormKernel
136,20260626_153812_decode_stage1_decode_flashmla_b4p4096_cg_on_b4_f1_p4096_layers5_backend_auto_decodebackend_flashmla_cg_on_pcg_off_tp1_marker_on_profile_nsys,decode,4,4096,16384,1,auto,flashmla,on,True,22183334,22814630,631296,0.631296,0,1,13,194,8589934721.0,2.0,"[2, 66, 1]","[384, 1, 1]",bmm,torch,nvjet_tst_384x8_64x4_2x1_v_bz_TNT,nvjet_tst_384x8_64x4_2x1_v_bz_TNT
137,20260626_153812_decode_stage1_decode_flashmla_b4p4096_cg_on_b4_f1_p4096_layers5_backend_auto_decodebackend_flashmla_cg_on_pcg_off_tp1_marker_on_profile_nsys,decode,4,4096,16384,1,auto,flashmla,on,True,22815206,22819526,4320,0.00432,0,1,13,194,8589934722.0,2.0,"[1010, 1, 1]","[128, 1, 1]",torch_misc,torch,"void at::native::unrolled_elementwise_kernel<at::native::direct_copy_kernel_cuda(at::TensorIteratorBase &)::[lambda() (instance 3)]::operator ()() const::[lambda() (instance 7)]::operator ()() const::[lambda(float) (instance 1)], std::array<char *, (unsigned long)2>, (int)4, TrivialOffsetCalculator<(int)1, unsigned int>, TrivialOffsetCalculator<(int)1, unsigned int>, at::native::memory::LoadWithCast<(int)1>, at::native::memory::StoreWithCast<(int)1>>(int, T1, T2, T4, T5, T6, T7)",unrolled_elementwise_kernel
138,20260626_153812_decode_stage1_decode_flashmla_b4p4096_cg_on_b4_f1_p4096_layers5_backend_auto_decodebackend_flashmla_cg_on_pcg_off_tp1_marker_on_profile_nsys,decode,4,4096,16384,1,auto,flashmla,on,True,22821062,22849094,28032,0.028032,0,1,13,210,,,"[4, 1, 1]","[128, 4, 1]",sampling,torch,"void at::native::reduce_kernel<(int)512, (int)1, at::native::ReduceOp<float, at::native::ArgMaxOps<float>, unsigned int, long, (int)4, (int)4>>(T3)",reduce_kernel
