model,isl,osl,prefix,concurrency,request_rate,(p)bs,(p)global_bs,(p)workers,(d)bs,(d)global_bs,(d)workers,ttft,tpot,request_latency,seq/s,seq/s/gpu,tokens/s,tokens/s/gpu,tokens/s/user,(p)seq/s/worker,(d)seq/s/worker,num_total_gpus,(p)tp,(p)pp,(p)dp,(p)moe_tp,(p)moe_ep,(p)parallel,(p)gemm,(p)kvcache,(p)fmha,(p)moe,(p)comm,(p)memory,(p)backend,(p)version,(p)system,(d)tp,(d)pp,(d)dp,(d)moe_tp,(d)moe_ep,(d)parallel,(d)gemm,(d)kvcache,(d)fmha,(d)moe,(d)comm,(d)memory,(d)backend,(d)version,(d)system,power_w
deepseek-ai/DeepSeek-V3,4096,1024,0,3,0.591,1,1,1,1,1,3,161.66,4.571,4837.793,0.591,0.018,604.815,18.9,218.794,11.134,0.214,32,8,1,1,1,8,tp8pp1dp1etp1ep8,fp8,bfloat16,bfloat16,fp8_block,half,91.596,sglang,0.5.10,b200_sxm,8,1,1,1,8,tp8pp1dp1etp1ep8,fp8,bfloat16,bfloat16,fp8_block,half,89.727,sglang,0.5.10,b200_sxm,0.0
deepseek-ai/DeepSeek-V3,4096,1024,0,3,0.591,1,1,1,1,1,3,161.66,4.571,4837.793,0.591,0.018,604.815,18.9,218.771,11.134,0.214,32,8,1,1,1,8,tp8pp1dp1etp1ep8,fp8,bfloat16,bfloat16,fp8_block,half,91.596,sglang,0.5.10,b200_sxm,8,1,1,2,4,tp8pp1dp1etp2ep4,fp8,bfloat16,bfloat16,fp8_block,half,89.727,sglang,0.5.10,b200_sxm,0.0
deepseek-ai/DeepSeek-V3,4096,1024,0,3,0.591,1,1,1,1,1,3,161.66,4.572,4838.816,0.591,0.018,604.815,18.9,218.727,11.134,0.214,32,8,1,1,1,8,tp8pp1dp1etp1ep8,fp8,bfloat16,bfloat16,fp8_block,half,91.596,sglang,0.5.10,b200_sxm,8,1,1,4,2,tp8pp1dp1etp4ep2,fp8,bfloat16,bfloat16,fp8_block,half,89.727,sglang,0.5.10,b200_sxm,0.0
deepseek-ai/DeepSeek-V3,4096,1024,0,3,0.591,1,1,1,1,1,3,161.66,4.574,4840.862,0.591,0.018,604.815,18.9,218.637,11.134,0.214,32,8,1,1,1,8,tp8pp1dp1etp1ep8,fp8,bfloat16,bfloat16,fp8_block,half,91.596,sglang,0.5.10,b200_sxm,8,1,1,8,1,tp8pp1dp1etp8ep1,fp8,bfloat16,bfloat16,fp8_block,half,89.727,sglang,0.5.10,b200_sxm,0.0
deepseek-ai/DeepSeek-V3,4096,1024,0,9,1.383,1,1,1,3,3,3,161.66,5.853,6149.279,1.383,0.043,1415.946,44.248,170.863,11.134,0.501,32,8,1,1,1,8,tp8pp1dp1etp1ep8,fp8,bfloat16,bfloat16,fp8_block,half,91.596,sglang,0.5.10,b200_sxm,8,1,1,4,2,tp8pp1dp1etp4ep2,fp8,bfloat16,bfloat16,fp8_block,half,90.397,sglang,0.5.10,b200_sxm,0.0
deepseek-ai/DeepSeek-V3,4096,1024,0,9,1.383,1,1,1,3,3,3,161.66,5.85,6146.21,1.383,0.043,1415.946,44.248,170.944,11.134,0.501,32,8,1,1,1,8,tp8pp1dp1etp1ep8,fp8,bfloat16,bfloat16,fp8_block,half,91.596,sglang,0.5.10,b200_sxm,8,1,1,2,4,tp8pp1dp1etp2ep4,fp8,bfloat16,bfloat16,fp8_block,half,90.397,sglang,0.5.10,b200_sxm,0.0
deepseek-ai/DeepSeek-V3,4096,1024,0,9,1.383,1,1,1,3,3,3,161.66,5.848,6144.164,1.383,0.043,1415.946,44.248,170.985,11.134,0.501,32,8,1,1,1,8,tp8pp1dp1etp1ep8,fp8,bfloat16,bfloat16,fp8_block,half,91.596,sglang,0.5.10,b200_sxm,8,1,1,1,8,tp8pp1dp1etp1ep8,fp8,bfloat16,bfloat16,fp8_block,half,90.397,sglang,0.5.10,b200_sxm,0.0
deepseek-ai/DeepSeek-V3,4096,1024,0,9,1.383,1,1,1,3,3,3,161.66,5.858,6154.394,1.383,0.043,1415.946,44.248,170.699,11.134,0.501,32,8,1,1,1,8,tp8pp1dp1etp1ep8,fp8,bfloat16,bfloat16,fp8_block,half,91.596,sglang,0.5.10,b200_sxm,8,1,1,8,1,tp8pp1dp1etp8ep1,fp8,bfloat16,bfloat16,fp8_block,half,90.397,sglang,0.5.10,b200_sxm,0.0
deepseek-ai/DeepSeek-V3,4096,1024,0,7,1.179,1,1,1,1,1,7,234.216,5.343,5700.105,1.179,0.037,1206.804,37.713,187.17,7.685,0.183,32,4,1,1,1,4,tp4pp1dp1etp1ep4,fp8,bfloat16,bfloat16,fp8_block,half,173.911,sglang,0.5.10,b200_sxm,4,1,1,4,1,tp4pp1dp1etp4ep1,fp8,bfloat16,bfloat16,fp8_block,half,171.539,sglang,0.5.10,b200_sxm,0.0
deepseek-ai/DeepSeek-V3,4096,1024,0,14,1.919,1,1,1,2,2,7,234.216,6.556,6941.004,1.919,0.06,1965.179,61.412,152.538,7.685,0.298,32,4,1,1,1,4,tp4pp1dp1etp1ep4,fp8,bfloat16,bfloat16,fp8_block,half,173.911,sglang,0.5.10,b200_sxm,4,1,1,1,4,tp4pp1dp1etp1ep4,fp8,bfloat16,bfloat16,fp8_block,half,171.874,sglang,0.5.10,b200_sxm,0.0
deepseek-ai/DeepSeek-V3,4096,1024,0,14,1.919,1,1,1,2,2,7,234.216,6.558,6943.05,1.919,0.06,1965.179,61.412,152.494,7.685,0.298,32,4,1,1,1,4,tp4pp1dp1etp1ep4,fp8,bfloat16,bfloat16,fp8_block,half,173.911,sglang,0.5.10,b200_sxm,4,1,1,2,2,tp4pp1dp1etp2ep2,fp8,bfloat16,bfloat16,fp8_block,half,171.874,sglang,0.5.10,b200_sxm,0.0
deepseek-ai/DeepSeek-V3,4096,1024,0,14,1.919,1,1,1,2,2,7,234.216,6.561,6946.119,1.919,0.06,1965.179,61.412,152.408,7.685,0.298,32,4,1,1,1,4,tp4pp1dp1etp1ep4,fp8,bfloat16,bfloat16,fp8_block,half,173.911,sglang,0.5.10,b200_sxm,4,1,1,4,1,tp4pp1dp1etp4ep1,fp8,bfloat16,bfloat16,fp8_block,half,171.874,sglang,0.5.10,b200_sxm,0.0
deepseek-ai/DeepSeek-V3,4096,1024,0,12,1.662,1,1,1,4,4,3,161.66,6.493,6803.999,1.662,0.052,1701.396,53.169,154.001,11.134,0.602,32,8,1,1,1,8,tp8pp1dp1etp1ep8,fp8,bfloat16,bfloat16,fp8_block,half,91.596,sglang,0.5.10,b200_sxm,8,1,1,1,8,tp8pp1dp1etp1ep8,fp8,bfloat16,bfloat16,fp8_block,half,90.732,sglang,0.5.10,b200_sxm,0.0
deepseek-ai/DeepSeek-V3,4096,1024,0,12,1.662,1,1,1,4,4,3,161.66,6.495,6806.045,1.662,0.052,1701.396,53.169,153.957,11.134,0.602,32,8,1,1,1,8,tp8pp1dp1etp1ep8,fp8,bfloat16,bfloat16,fp8_block,half,91.596,sglang,0.5.10,b200_sxm,8,1,1,2,4,tp8pp1dp1etp2ep4,fp8,bfloat16,bfloat16,fp8_block,half,90.732,sglang,0.5.10,b200_sxm,0.0
deepseek-ai/DeepSeek-V3,4096,1024,0,21,2.434,1,1,1,3,3,7,234.216,7.762,8174.742,2.434,0.076,2492.744,77.898,128.83,7.685,0.378,32,4,1,1,1,4,tp4pp1dp1etp1ep4,fp8,bfloat16,bfloat16,fp8_block,half,173.911,sglang,0.5.10,b200_sxm,4,1,1,1,4,tp4pp1dp1etp1ep4,fp8,bfloat16,bfloat16,fp8_block,half,172.209,sglang,0.5.10,b200_sxm,0.0
deepseek-ai/DeepSeek-V3,4096,1024,0,21,2.434,1,1,1,3,3,7,234.216,7.765,8177.811,2.434,0.076,2492.744,77.898,128.783,7.685,0.378,32,4,1,1,1,4,tp4pp1dp1etp1ep4,fp8,bfloat16,bfloat16,fp8_block,half,173.911,sglang,0.5.10,b200_sxm,4,1,1,2,2,tp4pp1dp1etp2ep2,fp8,bfloat16,bfloat16,fp8_block,half,172.209,sglang,0.5.10,b200_sxm,0.0
deepseek-ai/DeepSeek-V3,4096,1024,0,21,2.428,1,1,1,3,3,7,234.216,7.771,8183.949,2.428,0.076,2486.149,77.692,128.691,7.685,0.377,32,4,1,1,1,4,tp4pp1dp1etp1ep4,fp8,bfloat16,bfloat16,fp8_block,half,173.911,sglang,0.5.10,b200_sxm,4,1,1,4,1,tp4pp1dp1etp4ep1,fp8,bfloat16,bfloat16,fp8_block,half,172.209,sglang,0.5.10,b200_sxm,0.0
deepseek-ai/DeepSeek-V3,4096,1024,0,18,2.084,1,1,1,6,6,3,161.66,7.764,8104.232,2.084,0.065,2133.811,66.682,128.801,11.134,0.755,32,8,1,1,1,8,tp8pp1dp1etp1ep8,fp8,bfloat16,bfloat16,fp8_block,half,91.596,sglang,0.5.10,b200_sxm,8,1,1,1,8,tp8pp1dp1etp1ep8,fp8,bfloat16,bfloat16,fp8_block,half,91.402,sglang,0.5.10,b200_sxm,0.0
deepseek-ai/DeepSeek-V3,4096,1024,0,18,2.084,1,1,1,6,6,3,161.66,7.767,8107.301,2.084,0.065,2133.811,66.682,128.755,11.134,0.755,32,8,1,1,1,8,tp8pp1dp1etp1ep8,fp8,bfloat16,bfloat16,fp8_block,half,91.596,sglang,0.5.10,b200_sxm,8,1,1,2,4,tp8pp1dp1etp2ep4,fp8,bfloat16,bfloat16,fp8_block,half,91.402,sglang,0.5.10,b200_sxm,0.0
deepseek-ai/DeepSeek-V3,4096,1024,0,28,2.801,1,1,1,4,4,7,234.216,8.979,9419.733,2.801,0.088,2868.634,89.645,111.368,7.685,0.435,32,4,1,1,1,4,tp4pp1dp1etp1ep4,fp8,bfloat16,bfloat16,fp8_block,half,173.911,sglang,0.5.10,b200_sxm,4,1,1,1,4,tp4pp1dp1etp1ep4,fp8,bfloat16,bfloat16,fp8_block,half,172.544,sglang,0.5.10,b200_sxm,0.0
deepseek-ai/DeepSeek-V3,4096,1024,0,28,2.801,1,1,1,4,4,7,234.216,8.983,9423.825,2.801,0.088,2868.634,89.645,111.321,7.685,0.435,32,4,1,1,1,4,tp4pp1dp1etp1ep4,fp8,bfloat16,bfloat16,fp8_block,half,173.911,sglang,0.5.10,b200_sxm,4,1,1,2,2,tp4pp1dp1etp2ep2,fp8,bfloat16,bfloat16,fp8_block,half,172.544,sglang,0.5.10,b200_sxm,0.0
deepseek-ai/DeepSeek-V3,4096,1024,0,28,2.801,1,1,1,4,4,7,234.216,8.99,9430.986,2.801,0.088,2868.634,89.645,111.229,7.685,0.435,32,4,1,1,1,4,tp4pp1dp1etp1ep4,fp8,bfloat16,bfloat16,fp8_block,half,173.911,sglang,0.5.10,b200_sxm,4,1,1,4,1,tp4pp1dp1etp4ep1,fp8,bfloat16,bfloat16,fp8_block,half,172.544,sglang,0.5.10,b200_sxm,0.0
deepseek-ai/DeepSeek-V3,4096,1024,0,21,2.247,1,1,1,7,7,3,161.66,8.406,8760.998,2.247,0.07,2300.559,71.892,118.958,11.134,0.814,32,8,1,1,1,8,tp8pp1dp1etp1ep8,fp8,bfloat16,bfloat16,fp8_block,half,91.596,sglang,0.5.10,b200_sxm,8,1,1,1,8,tp8pp1dp1etp1ep8,fp8,bfloat16,bfloat16,fp8_block,half,91.737,sglang,0.5.10,b200_sxm,0.0
deepseek-ai/DeepSeek-V3,4096,1024,0,21,2.247,1,1,1,7,7,3,161.66,8.41,8765.09,2.247,0.07,2300.559,71.892,118.912,11.134,0.814,32,8,1,1,1,8,tp8pp1dp1etp1ep8,fp8,bfloat16,bfloat16,fp8_block,half,91.596,sglang,0.5.10,b200_sxm,8,1,1,2,4,tp8pp1dp1etp2ep4,fp8,bfloat16,bfloat16,fp8_block,half,91.737,sglang,0.5.10,b200_sxm,0.0
deepseek-ai/DeepSeek-V3,4096,1024,0,27,2.506,1,1,1,9,9,3,161.66,9.691,10075.553,2.506,0.078,2566.226,80.195,103.187,11.134,0.908,32,8,1,1,1,8,tp8pp1dp1etp1ep8,fp8,bfloat16,bfloat16,fp8_block,half,91.596,sglang,0.5.10,b200_sxm,8,1,1,1,8,tp8pp1dp1etp1ep8,fp8,bfloat16,bfloat16,fp8_block,half,92.408,sglang,0.5.10,b200_sxm,0.0
deepseek-ai/DeepSeek-V3,4096,1024,0,27,2.503,1,1,1,9,9,3,161.66,9.704,10088.852,2.503,0.078,2563.4,80.106,103.053,11.134,0.907,32,8,1,1,1,8,tp8pp1dp1etp1ep8,fp8,bfloat16,bfloat16,fp8_block,half,91.596,sglang,0.5.10,b200_sxm,8,1,1,4,2,tp8pp1dp1etp4ep2,fp8,bfloat16,bfloat16,fp8_block,half,92.408,sglang,0.5.10,b200_sxm,0.0
deepseek-ai/DeepSeek-V3,4096,1024,0,35,3.085,1,1,1,5,5,7,234.216,10.21,10679.046,3.085,0.096,3158.794,98.712,97.94,7.685,0.479,32,4,1,1,1,4,tp4pp1dp1etp1ep4,fp8,bfloat16,bfloat16,fp8_block,half,173.911,sglang,0.5.10,b200_sxm,4,1,1,4,1,tp4pp1dp1etp4ep1,fp8,bfloat16,bfloat16,fp8_block,half,172.879,sglang,0.5.10,b200_sxm,0.0
deepseek-ai/DeepSeek-V3,4096,1024,0,35,3.085,1,1,1,5,5,7,234.216,10.201,10669.839,3.085,0.096,3158.794,98.712,98.029,7.685,0.479,32,4,1,1,1,4,tp4pp1dp1etp1ep4,fp8,bfloat16,bfloat16,fp8_block,half,173.911,sglang,0.5.10,b200_sxm,4,1,1,2,2,tp4pp1dp1etp2ep2,fp8,bfloat16,bfloat16,fp8_block,half,172.879,sglang,0.5.10,b200_sxm,0.0
deepseek-ai/DeepSeek-V3,4096,1024,0,35,3.085,1,1,1,5,5,7,234.216,10.196,10664.724,3.085,0.096,3158.794,98.712,98.074,7.685,0.479,32,4,1,1,1,4,tp4pp1dp1etp1ep4,fp8,bfloat16,bfloat16,fp8_block,half,173.911,sglang,0.5.10,b200_sxm,4,1,1,1,4,tp4pp1dp1etp1ep4,fp8,bfloat16,bfloat16,fp8_block,half,172.879,sglang,0.5.10,b200_sxm,0.0
deepseek-ai/DeepSeek-V3,4096,1024,0,33,2.705,1,1,1,11,11,3,161.66,10.976,11390.108,2.705,0.085,2769.715,86.554,91.108,11.134,0.98,32,8,1,1,1,8,tp8pp1dp1etp1ep8,fp8,bfloat16,bfloat16,fp8_block,half,91.596,sglang,0.5.10,b200_sxm,8,1,1,1,8,tp8pp1dp1etp1ep8,fp8,bfloat16,bfloat16,fp8_block,half,93.078,sglang,0.5.10,b200_sxm,0.0
deepseek-ai/DeepSeek-V3,4096,1024,0,33,2.702,1,1,1,11,11,3,161.66,10.981,11395.223,2.702,0.084,2766.889,86.465,91.066,11.134,0.979,32,8,1,1,1,8,tp8pp1dp1etp1ep8,fp8,bfloat16,bfloat16,fp8_block,half,91.596,sglang,0.5.10,b200_sxm,8,1,1,2,4,tp8pp1dp1etp2ep4,fp8,bfloat16,bfloat16,fp8_block,half,93.078,sglang,0.5.10,b200_sxm,0.0
deepseek-ai/DeepSeek-V3,4096,1024,0,42,3.31,1,1,1,6,6,7,234.216,11.413,11909.715,3.31,0.103,3389.604,105.925,87.616,7.685,0.514,32,4,1,1,1,4,tp4pp1dp1etp1ep4,fp8,bfloat16,bfloat16,fp8_block,half,173.911,sglang,0.5.10,b200_sxm,4,1,1,1,4,tp4pp1dp1etp1ep4,fp8,bfloat16,bfloat16,fp8_block,half,173.214,sglang,0.5.10,b200_sxm,0.0
deepseek-ai/DeepSeek-V3,4096,1024,0,42,3.31,1,1,1,6,6,7,234.216,11.419,11915.853,3.31,0.103,3389.604,105.925,87.573,7.685,0.514,32,4,1,1,1,4,tp4pp1dp1etp1ep4,fp8,bfloat16,bfloat16,fp8_block,half,173.911,sglang,0.5.10,b200_sxm,4,1,1,2,2,tp4pp1dp1etp2ep2,fp8,bfloat16,bfloat16,fp8_block,half,173.214,sglang,0.5.10,b200_sxm,0.0
deepseek-ai/DeepSeek-V3,4096,1024,0,42,3.304,1,1,1,6,6,7,234.216,11.43,11927.106,3.304,0.103,3383.009,105.719,87.487,7.685,0.513,32,4,1,1,1,4,tp4pp1dp1etp1ep4,fp8,bfloat16,bfloat16,fp8_block,half,173.911,sglang,0.5.10,b200_sxm,4,1,1,4,1,tp4pp1dp1etp4ep1,fp8,bfloat16,bfloat16,fp8_block,half,173.214,sglang,0.5.10,b200_sxm,0.0
deepseek-ai/DeepSeek-V3,4096,1024,0,36,2.788,1,1,1,12,12,3,161.66,11.618,12046.874,2.788,0.087,2854.502,89.203,86.071,11.134,1.01,32,8,1,1,1,8,tp8pp1dp1etp1ep8,fp8,bfloat16,bfloat16,fp8_block,half,91.596,sglang,0.5.10,b200_sxm,8,1,1,1,8,tp8pp1dp1etp1ep8,fp8,bfloat16,bfloat16,fp8_block,half,93.413,sglang,0.5.10,b200_sxm,0.0
deepseek-ai/DeepSeek-V3,4096,1024,0,36,2.785,1,1,1,12,12,3,161.66,11.624,12053.012,2.785,0.087,2851.676,89.115,86.029,11.134,1.009,32,8,1,1,1,8,tp8pp1dp1etp1ep8,fp8,bfloat16,bfloat16,fp8_block,half,91.596,sglang,0.5.10,b200_sxm,8,1,1,2,4,tp8pp1dp1etp2ep4,fp8,bfloat16,bfloat16,fp8_block,half,93.413,sglang,0.5.10,b200_sxm,0.0
deepseek-ai/DeepSeek-V3,4096,1024,0,49,3.49,1,1,1,7,7,7,234.216,12.631,13155.729,3.49,0.109,3574.252,111.695,79.173,7.685,0.542,32,4,1,1,1,4,tp4pp1dp1etp1ep4,fp8,bfloat16,bfloat16,fp8_block,half,173.911,sglang,0.5.10,b200_sxm,4,1,1,1,4,tp4pp1dp1etp1ep4,fp8,bfloat16,bfloat16,fp8_block,half,173.55,sglang,0.5.10,b200_sxm,0.0
deepseek-ai/DeepSeek-V3,4096,1024,0,49,3.484,1,1,1,7,7,7,234.216,12.637,13161.867,3.484,0.109,3567.657,111.489,79.132,7.685,0.541,32,4,1,1,1,4,tp4pp1dp1etp1ep4,fp8,bfloat16,bfloat16,fp8_block,half,173.911,sglang,0.5.10,b200_sxm,4,1,1,2,2,tp4pp1dp1etp2ep2,fp8,bfloat16,bfloat16,fp8_block,half,173.55,sglang,0.5.10,b200_sxm,0.0
deepseek-ai/DeepSeek-V3,4096,1024,0,49,3.484,1,1,1,7,7,7,234.216,12.65,13175.166,3.484,0.109,3567.657,111.489,79.051,7.685,0.541,32,4,1,1,1,4,tp4pp1dp1etp1ep4,fp8,bfloat16,bfloat16,fp8_block,half,173.911,sglang,0.5.10,b200_sxm,4,1,1,4,1,tp4pp1dp1etp4ep1,fp8,bfloat16,bfloat16,fp8_block,half,173.55,sglang,0.5.10,b200_sxm,0.0
deepseek-ai/DeepSeek-V3,4096,1024,0,42,2.928,1,1,1,14,14,3,161.66,12.903,13361.429,2.928,0.092,2998.641,93.708,77.5,11.134,1.061,32,8,1,1,1,8,tp8pp1dp1etp1ep8,fp8,bfloat16,bfloat16,fp8_block,half,91.596,sglang,0.5.10,b200_sxm,8,1,1,1,8,tp8pp1dp1etp1ep8,fp8,bfloat16,bfloat16,fp8_block,half,94.083,sglang,0.5.10,b200_sxm,0.0
deepseek-ai/DeepSeek-V3,4096,1024,0,42,2.926,1,1,1,14,14,3,161.66,12.91,13368.59,2.926,0.091,2995.814,93.619,77.461,11.134,1.06,32,8,1,1,1,8,tp8pp1dp1etp1ep8,fp8,bfloat16,bfloat16,fp8_block,half,91.596,sglang,0.5.10,b200_sxm,8,1,1,2,4,tp8pp1dp1etp2ep4,fp8,bfloat16,bfloat16,fp8_block,half,94.083,sglang,0.5.10,b200_sxm,0.0
deepseek-ai/DeepSeek-V3,4096,1024,0,56,3.639,1,1,1,8,8,7,234.216,13.848,14400.72,3.639,0.114,3725.926,116.435,72.215,7.685,0.565,32,4,1,1,1,4,tp4pp1dp1etp1ep4,fp8,bfloat16,bfloat16,fp8_block,half,173.911,sglang,0.5.10,b200_sxm,4,1,1,1,4,tp4pp1dp1etp1ep4,fp8,bfloat16,bfloat16,fp8_block,half,173.885,sglang,0.5.10,b200_sxm,0.0
deepseek-ai/DeepSeek-V3,4096,1024,0,56,3.632,1,1,1,8,8,7,234.216,13.855,14407.881,3.632,0.114,3719.332,116.229,72.176,7.685,0.564,32,4,1,1,1,4,tp4pp1dp1etp1ep4,fp8,bfloat16,bfloat16,fp8_block,half,173.911,sglang,0.5.10,b200_sxm,4,1,1,2,2,tp4pp1dp1etp2ep2,fp8,bfloat16,bfloat16,fp8_block,half,173.885,sglang,0.5.10,b200_sxm,0.0
deepseek-ai/DeepSeek-V3,4096,1024,0,56,3.632,1,1,1,8,8,7,234.216,13.87,14423.226,3.632,0.114,3719.332,116.229,72.098,7.685,0.564,32,4,1,1,1,4,tp4pp1dp1etp1ep4,fp8,bfloat16,bfloat16,fp8_block,half,173.911,sglang,0.5.10,b200_sxm,4,1,1,4,1,tp4pp1dp1etp4ep1,fp8,bfloat16,bfloat16,fp8_block,half,173.885,sglang,0.5.10,b200_sxm,0.0
deepseek-ai/DeepSeek-V3,4096,1024,0,45,2.986,1,1,1,15,15,3,161.66,13.553,14026.379,2.986,0.093,3057.992,95.562,73.787,11.134,1.082,32,8,1,1,1,8,tp8pp1dp1etp1ep8,fp8,bfloat16,bfloat16,fp8_block,half,91.596,sglang,0.5.10,b200_sxm,8,1,1,2,4,tp8pp1dp1etp2ep4,fp8,bfloat16,bfloat16,fp8_block,half,94.418,sglang,0.5.10,b200_sxm,0.0
deepseek-ai/DeepSeek-V3,4096,1024,0,45,2.986,1,1,1,15,15,3,161.66,13.546,14019.218,2.986,0.093,3057.992,95.562,73.825,11.134,1.082,32,8,1,1,1,8,tp8pp1dp1etp1ep8,fp8,bfloat16,bfloat16,fp8_block,half,91.596,sglang,0.5.10,b200_sxm,8,1,1,1,8,tp8pp1dp1etp1ep8,fp8,bfloat16,bfloat16,fp8_block,half,94.418,sglang,0.5.10,b200_sxm,0.0
deepseek-ai/DeepSeek-V3,4096,1024,0,96,5.815,1,8,1,4,32,3,637.927,14.849,15828.454,5.815,0.182,5954.888,186.09,67.343,22.573,2.107,32,1,1,8,1,8,tp1pp1dp8etp1ep8,fp8,bfloat16,bfloat16,fp8_block,half,108.87,sglang,0.5.10,b200_sxm,1,1,8,1,8,tp1pp1dp8etp1ep8,fp8,bfloat16,bfloat16,fp8_block,half,102.597,sglang,0.5.10,b200_sxm,0.0
deepseek-ai/DeepSeek-V3,4096,1024,0,96,5.807,1,8,1,4,32,3,637.927,14.864,15843.799,5.807,0.181,5946.409,185.825,67.275,22.573,2.104,32,1,1,8,1,8,tp1pp1dp8etp1ep8,fp8,bfloat16,bfloat16,fp8_block,half,108.87,sglang,0.5.10,b200_sxm,1,1,8,2,4,tp1pp1dp8etp2ep4,fp8,bfloat16,bfloat16,fp8_block,half,102.597,sglang,0.5.10,b200_sxm,0.0
deepseek-ai/DeepSeek-V3,4096,1024,0,96,5.796,1,8,1,4,32,3,637.927,14.894,15874.489,5.796,0.181,5935.104,185.472,67.14,22.573,2.1,32,1,1,8,1,8,tp1pp1dp8etp1ep8,fp8,bfloat16,bfloat16,fp8_block,half,108.87,sglang,0.5.10,b200_sxm,1,1,8,4,2,tp1pp1dp8etp4ep2,fp8,bfloat16,bfloat16,fp8_block,half,102.597,sglang,0.5.10,b200_sxm,0.0
deepseek-ai/DeepSeek-V3,4096,1024,0,96,5.774,1,8,1,4,32,3,637.927,14.954,15935.869,5.774,0.18,5912.494,184.765,66.872,22.573,2.092,32,1,1,8,1,8,tp1pp1dp8etp1ep8,fp8,bfloat16,bfloat16,fp8_block,half,108.87,sglang,0.5.10,b200_sxm,1,1,8,8,1,tp1pp1dp8etp8ep1,fp8,bfloat16,bfloat16,fp8_block,half,102.597,sglang,0.5.10,b200_sxm,0.0
deepseek-ai/DeepSeek-V3,4096,1024,0,78,4.703,1,1,1,26,26,3,161.66,14.918,15422.774,4.703,0.147,4815.913,150.497,67.035,11.134,1.704,32,8,1,1,1,8,tp8pp1dp1etp1ep8,fp8,bfloat16,bfloat16,fp8_block,half,91.596,sglang,0.5.10,b200_sxm,8,1,1,1,8,tp8pp1dp1etp1ep8,fp8,bfloat16,bfloat16,fp8_block,half,98.104,sglang,0.5.10,b200_sxm,0.0
deepseek-ai/DeepSeek-V3,4096,1024,0,264,14.893,1,8,1,11,88,3,637.927,15.942,16946.593,14.893,0.465,15250.391,476.575,62.726,22.573,5.396,32,1,1,8,1,8,tp1pp1dp8etp1ep8,fp8,bfloat16,bfloat16,fp8_block,half,108.87,sglang,0.5.10,b200_sxm,1,1,8,1,8,tp1pp1dp8etp1ep8,fp8,bfloat16,bfloat16,fp8_block,half,104.943,sglang,0.5.10,b200_sxm,0.0
deepseek-ai/DeepSeek-V3,4096,1024,0,264,14.854,1,8,1,11,88,3,637.927,15.984,16989.559,14.854,0.464,15210.824,475.338,62.564,22.573,5.382,32,1,1,8,1,8,tp1pp1dp8etp1ep8,fp8,bfloat16,bfloat16,fp8_block,half,108.87,sglang,0.5.10,b200_sxm,1,1,8,2,4,tp1pp1dp8etp2ep4,fp8,bfloat16,bfloat16,fp8_block,half,104.943,sglang,0.5.10,b200_sxm,0.0
deepseek-ai/DeepSeek-V3,4096,1024,0,240,13.576,1,8,1,10,80,3,637.927,15.898,16901.581,13.576,0.424,13902.275,434.446,62.9,22.573,4.919,32,1,1,8,1,8,tp1pp1dp8etp1ep8,fp8,bfloat16,bfloat16,fp8_block,half,108.87,sglang,0.5.10,b200_sxm,1,1,8,4,2,tp1pp1dp8etp4ep2,fp8,bfloat16,bfloat16,fp8_block,half,104.608,sglang,0.5.10,b200_sxm,0.0
deepseek-ai/DeepSeek-V3,4096,1024,0,216,12.243,1,8,1,9,72,3,637.927,15.865,16867.822,12.243,0.383,12537.201,391.788,63.03,22.573,4.436,32,1,1,8,1,8,tp1pp1dp8etp1ep8,fp8,bfloat16,bfloat16,fp8_block,half,108.87,sglang,0.5.10,b200_sxm,1,1,8,8,1,tp1pp1dp8etp8ep1,fp8,bfloat16,bfloat16,fp8_block,half,104.273,sglang,0.5.10,b200_sxm,0.0
deepseek-ai/DeepSeek-V3,4096,1024,0,120,6.77,1,1,1,40,40,3,161.66,15.939,16467.257,6.77,0.212,6932.767,216.649,62.741,11.134,2.453,32,8,1,1,1,8,tp8pp1dp1etp1ep8,fp8,bfloat16,bfloat16,fp8_block,half,91.596,sglang,0.5.10,b200_sxm,8,1,1,1,8,tp8pp1dp1etp1ep8,fp8,bfloat16,bfloat16,fp8_block,half,102.795,sglang,0.5.10,b200_sxm,0.0
deepseek-ai/DeepSeek-V3,4096,1024,0,384,20.316,1,8,1,16,128,3,637.927,16.723,17745.556,20.316,0.635,20803.277,650.102,59.797,22.573,7.482,32,1,1,8,1,8,tp1pp1dp8etp1ep8,fp8,bfloat16,bfloat16,fp8_block,half,108.87,sglang,0.5.10,b200_sxm,1,1,8,1,8,tp1pp1dp8etp1ep8,fp8,bfloat16,bfloat16,fp8_block,half,106.618,sglang,0.5.10,b200_sxm,0.0
deepseek-ai/DeepSeek-V3,4096,1024,0,384,20.316,1,8,1,16,128,3,637.927,16.783,17806.936,20.316,0.635,20803.277,650.102,59.585,22.573,7.455,32,1,1,8,1,8,tp1pp1dp8etp1ep8,fp8,bfloat16,bfloat16,fp8_block,half,108.87,sglang,0.5.10,b200_sxm,1,1,8,2,4,tp1pp1dp8etp2ep4,fp8,bfloat16,bfloat16,fp8_block,half,106.618,sglang,0.5.10,b200_sxm,0.0
deepseek-ai/DeepSeek-V3,4096,1024,0,384,20.316,1,8,1,16,128,3,637.927,16.902,17928.673,20.316,0.635,20803.277,650.102,59.164,22.573,7.403,32,1,1,8,1,8,tp1pp1dp8etp1ep8,fp8,bfloat16,bfloat16,fp8_block,half,108.87,sglang,0.5.10,b200_sxm,1,1,8,4,2,tp1pp1dp8etp4ep2,fp8,bfloat16,bfloat16,fp8_block,half,106.618,sglang,0.5.10,b200_sxm,0.0
deepseek-ai/DeepSeek-V3,4096,1024,0,360,19.091,1,8,1,15,120,3,637.927,16.959,17986.984,19.091,0.597,19549.102,610.909,58.966,22.573,6.917,32,1,1,8,1,8,tp1pp1dp8etp1ep8,fp8,bfloat16,bfloat16,fp8_block,half,108.87,sglang,0.5.10,b200_sxm,1,1,8,8,1,tp1pp1dp8etp8ep1,fp8,bfloat16,bfloat16,fp8_block,half,106.283,sglang,0.5.10,b200_sxm,0.0
deepseek-ai/DeepSeek-V3,4096,1024,0,156,8.343,1,1,1,52,52,3,161.66,16.813,17361.359,8.343,0.261,8543.724,266.991,59.477,11.134,3.023,32,8,1,1,1,8,tp8pp1dp1etp1ep8,fp8,bfloat16,bfloat16,fp8_block,half,91.596,sglang,0.5.10,b200_sxm,8,1,1,1,8,tp8pp1dp1etp1ep8,fp8,bfloat16,bfloat16,fp8_block,half,106.816,sglang,0.5.10,b200_sxm,0.0
deepseek-ai/DeepSeek-V3,4096,1024,0,384,19.215,1,8,1,24,192,2,637.927,17.972,19023.283,19.215,0.801,19676.283,819.845,55.642,22.573,10.443,24,1,1,8,1,8,tp1pp1dp8etp1ep8,fp8,bfloat16,bfloat16,fp8_block,half,108.87,sglang,0.5.10,b200_sxm,1,1,8,1,8,tp1pp1dp8etp1ep8,fp8,bfloat16,bfloat16,fp8_block,half,109.299,sglang,0.5.10,b200_sxm,0.0
deepseek-ai/DeepSeek-V3,4096,1024,0,352,17.842,1,8,1,22,176,2,637.927,17.742,18787.993,17.842,0.743,18270.7,761.279,56.364,22.573,9.697,24,1,1,8,1,8,tp1pp1dp8etp1ep8,fp8,bfloat16,bfloat16,fp8_block,half,108.87,sglang,0.5.10,b200_sxm,1,1,8,2,4,tp1pp1dp8etp2ep4,fp8,bfloat16,bfloat16,fp8_block,half,108.629,sglang,0.5.10,b200_sxm,0.0
deepseek-ai/DeepSeek-V3,4096,1024,0,352,17.679,1,8,1,22,176,2,637.927,17.906,18955.765,17.679,0.737,18103.009,754.292,55.847,22.573,9.608,24,1,1,8,1,8,tp1pp1dp8etp1ep8,fp8,bfloat16,bfloat16,fp8_block,half,108.87,sglang,0.5.10,b200_sxm,1,1,8,4,2,tp1pp1dp8etp4ep2,fp8,bfloat16,bfloat16,fp8_block,half,108.629,sglang,0.5.10,b200_sxm,0.0
deepseek-ai/DeepSeek-V3,4096,1024,0,320,16.104,1,8,1,20,160,2,637.927,17.87,18918.937,16.104,0.671,16490.168,687.09,55.959,22.573,8.752,24,1,1,8,1,8,tp1pp1dp8etp1ep8,fp8,bfloat16,bfloat16,fp8_block,half,108.87,sglang,0.5.10,b200_sxm,1,1,8,8,1,tp1pp1dp8etp8ep1,fp8,bfloat16,bfloat16,fp8_block,half,107.958,sglang,0.5.10,b200_sxm,0.0
deepseek-ai/DeepSeek-V3,4096,1024,0,204,10.021,1,1,1,68,68,3,161.66,17.979,18554.177,10.021,0.313,10261.094,320.659,55.619,11.134,3.697,32,8,1,1,1,8,tp8pp1dp1etp1ep8,fp8,bfloat16,bfloat16,fp8_block,half,91.596,sglang,0.5.10,b200_sxm,8,1,1,1,8,tp8pp1dp1etp1ep8,fp8,bfloat16,bfloat16,fp8_block,half,112.177,sglang,0.5.10,b200_sxm,0.0
deepseek-ai/DeepSeek-V3,4096,1024,0,480,20.316,1,8,1,30,240,2,637.927,18.909,19981.834,20.316,0.846,20803.277,866.803,52.886,22.573,12.407,24,1,1,8,1,8,tp1pp1dp8etp1ep8,fp8,bfloat16,bfloat16,fp8_block,half,108.87,sglang,0.5.10,b200_sxm,1,1,8,1,8,tp1pp1dp8etp1ep8,fp8,bfloat16,bfloat16,fp8_block,half,111.309,sglang,0.5.10,b200_sxm,0.0
deepseek-ai/DeepSeek-V3,4096,1024,0,448,20.316,1,8,1,28,224,2,637.927,18.701,19769.05,20.316,0.846,20803.277,866.803,53.473,22.573,11.709,24,1,1,8,1,8,tp1pp1dp8etp1ep8,fp8,bfloat16,bfloat16,fp8_block,half,108.87,sglang,0.5.10,b200_sxm,1,1,8,2,4,tp1pp1dp8etp2ep4,fp8,bfloat16,bfloat16,fp8_block,half,110.639,sglang,0.5.10,b200_sxm,0.0
deepseek-ai/DeepSeek-V3,4096,1024,0,448,20.316,1,8,1,28,224,2,637.927,18.91,19982.857,20.316,0.846,20803.277,866.803,52.882,22.573,11.579,24,1,1,8,1,8,tp1pp1dp8etp1ep8,fp8,bfloat16,bfloat16,fp8_block,half,108.87,sglang,0.5.10,b200_sxm,1,1,8,4,2,tp1pp1dp8etp4ep2,fp8,bfloat16,bfloat16,fp8_block,half,110.639,sglang,0.5.10,b200_sxm,0.0
deepseek-ai/DeepSeek-V3,4096,1024,0,416,19.728,1,8,1,26,208,2,637.927,18.964,20038.099,19.728,0.822,20201.964,841.748,52.732,22.573,10.722,24,1,1,8,1,8,tp1pp1dp8etp1ep8,fp8,bfloat16,bfloat16,fp8_block,half,108.87,sglang,0.5.10,b200_sxm,1,1,8,8,1,tp1pp1dp8etp8ep1,fp8,bfloat16,bfloat16,fp8_block,half,109.994,sglang,0.5.10,b200_sxm,0.0
deepseek-ai/DeepSeek-V3,4096,1024,0,160,7.632,1,1,1,80,80,2,161.66,18.854,19449.302,7.632,0.318,7815.496,325.646,53.04,11.134,4.148,24,8,1,1,1,8,tp8pp1dp1etp1ep8,fp8,bfloat16,bfloat16,fp8_block,half,91.596,sglang,0.5.10,b200_sxm,8,1,1,1,8,tp8pp1dp1etp1ep8,fp8,bfloat16,bfloat16,fp8_block,half,116.198,sglang,0.5.10,b200_sxm,0.0
deepseek-ai/DeepSeek-V3,4096,1024,0,576,20.316,1,8,1,36,288,2,637.927,19.845,20939.362,20.316,0.846,20803.277,866.803,50.39,22.573,14.186,24,1,1,8,1,8,tp1pp1dp8etp1ep8,fp8,bfloat16,bfloat16,fp8_block,half,108.87,sglang,0.5.10,b200_sxm,1,1,8,1,8,tp1pp1dp8etp1ep8,fp8,bfloat16,bfloat16,fp8_block,half,113.32,sglang,0.5.10,b200_sxm,0.0
deepseek-ai/DeepSeek-V3,4096,1024,0,576,20.316,1,8,1,36,288,2,637.927,19.98,21077.467,20.316,0.846,20803.277,866.803,50.051,22.573,14.091,24,1,1,8,1,8,tp1pp1dp8etp1ep8,fp8,bfloat16,bfloat16,fp8_block,half,108.87,sglang,0.5.10,b200_sxm,1,1,8,2,4,tp1pp1dp8etp2ep4,fp8,bfloat16,bfloat16,fp8_block,half,113.32,sglang,0.5.10,b200_sxm,0.0
deepseek-ai/DeepSeek-V3,4096,1024,0,512,20.316,1,8,1,32,256,2,637.927,19.579,20667.244,20.316,0.846,20803.277,866.803,51.075,22.573,12.781,24,1,1,8,1,8,tp1pp1dp8etp1ep8,fp8,bfloat16,bfloat16,fp8_block,half,108.87,sglang,0.5.10,b200_sxm,1,1,8,4,2,tp1pp1dp8etp4ep2,fp8,bfloat16,bfloat16,fp8_block,half,111.979,sglang,0.5.10,b200_sxm,0.0
deepseek-ai/DeepSeek-V3,4096,1024,0,480,20.316,1,8,1,30,240,2,637.927,19.693,20783.866,20.316,0.846,20803.277,866.803,50.781,22.573,11.913,24,1,1,8,1,8,tp1pp1dp8etp1ep8,fp8,bfloat16,bfloat16,fp8_block,half,108.87,sglang,0.5.10,b200_sxm,1,1,8,8,1,tp1pp1dp8etp8ep1,fp8,bfloat16,bfloat16,fp8_block,half,111.369,sglang,0.5.10,b200_sxm,0.0
deepseek-ai/DeepSeek-V3,4096,1024,0,184,8.389,1,1,1,92,92,2,161.66,19.728,20343.404,8.389,0.35,8589.885,357.912,50.691,11.134,4.559,24,8,1,1,1,8,tp8pp1dp1etp1ep8,fp8,bfloat16,bfloat16,fp8_block,half,91.596,sglang,0.5.10,b200_sxm,8,1,1,1,8,tp8pp1dp1etp1ep8,fp8,bfloat16,bfloat16,fp8_block,half,120.219,sglang,0.5.10,b200_sxm,0.0
deepseek-ai/DeepSeek-V3,4096,1024,0,544,19.696,1,8,1,68,544,1,637.927,24.839,26048.224,19.696,1.231,20168.991,1260.562,40.259,22.573,21.409,16,1,1,8,1,8,tp1pp1dp8etp1ep8,fp8,bfloat16,bfloat16,fp8_block,half,108.87,sglang,0.5.10,b200_sxm,1,1,8,1,8,tp1pp1dp8etp1ep8,fp8,bfloat16,bfloat16,fp8_block,half,124.042,sglang,0.5.10,b200_sxm,0.0
deepseek-ai/DeepSeek-V3,4096,1024,0,512,18.83,1,8,1,64,512,1,637.927,24.454,25654.369,18.83,1.177,19281.551,1205.097,40.894,22.573,20.467,16,1,1,8,1,8,tp1pp1dp8etp1ep8,fp8,bfloat16,bfloat16,fp8_block,half,108.87,sglang,0.5.10,b200_sxm,1,1,8,2,4,tp1pp1dp8etp2ep4,fp8,bfloat16,bfloat16,fp8_block,half,122.702,sglang,0.5.10,b200_sxm,0.0
deepseek-ai/DeepSeek-V3,4096,1024,0,512,18.469,1,8,1,64,512,1,637.927,24.931,26142.34,18.469,1.154,18912.256,1182.016,40.11,22.573,20.075,16,1,1,8,1,8,tp1pp1dp8etp1ep8,fp8,bfloat16,bfloat16,fp8_block,half,108.87,sglang,0.5.10,b200_sxm,1,1,8,4,2,tp1pp1dp8etp4ep2,fp8,bfloat16,bfloat16,fp8_block,half,122.807,sglang,0.5.10,b200_sxm,0.0
deepseek-ai/DeepSeek-V3,4096,1024,0,448,16.492,1,8,1,56,448,1,637.927,24.43,25629.817,16.492,1.031,16887.726,1055.483,40.934,22.573,17.926,16,1,1,8,1,8,tp1pp1dp8etp1ep8,fp8,bfloat16,bfloat16,fp8_block,half,108.87,sglang,0.5.10,b200_sxm,1,1,8,8,1,tp1pp1dp8etp8ep1,fp8,bfloat16,bfloat16,fp8_block,half,120.308,sglang,0.5.10,b200_sxm,0.0
deepseek-ai/DeepSeek-V3,4096,1024,0,320,10.021,1,1,1,160,160,2,161.66,24.906,25640.498,10.021,0.418,10261.094,427.546,40.151,11.134,6.28,24,8,1,1,1,8,tp8pp1dp1etp1ep8,fp8,bfloat16,bfloat16,fp8_block,half,91.596,sglang,0.5.10,b200_sxm,8,1,1,4,2,tp8pp1dp1etp4ep2,fp8,bfloat16,bfloat16,fp8_block,half,143.005,sglang,0.5.10,b200_sxm,0.0
deepseek-ai/DeepSeek-V3,4096,1024,0,800,20.316,1,8,1,100,800,1,637.927,29.831,31155.04,20.316,1.27,20803.277,1300.205,33.522,22.573,26.215,16,1,1,8,1,8,tp1pp1dp8etp1ep8,fp8,bfloat16,bfloat16,fp8_block,half,108.87,sglang,0.5.10,b200_sxm,1,1,8,1,8,tp1pp1dp8etp1ep8,fp8,bfloat16,bfloat16,fp8_block,half,134.765,sglang,0.5.10,b200_sxm,0.0
deepseek-ai/DeepSeek-V3,4096,1024,0,768,20.316,1,8,1,96,768,1,637.927,29.565,30882.922,20.316,1.27,20803.277,1300.205,33.824,22.573,25.392,16,1,1,8,1,8,tp1pp1dp8etp1ep8,fp8,bfloat16,bfloat16,fp8_block,half,108.87,sglang,0.5.10,b200_sxm,1,1,8,2,4,tp1pp1dp8etp2ep4,fp8,bfloat16,bfloat16,fp8_block,half,133.494,sglang,0.5.10,b200_sxm,0.0
deepseek-ai/DeepSeek-V3,4096,1024,0,736,20.316,1,8,1,92,736,1,637.927,29.613,30932.026,20.316,1.27,20803.277,1300.205,33.769,22.573,24.295,16,1,1,8,1,8,tp1pp1dp8etp1ep8,fp8,bfloat16,bfloat16,fp8_block,half,108.87,sglang,0.5.10,b200_sxm,1,1,8,4,2,tp1pp1dp8etp4ep2,fp8,bfloat16,bfloat16,fp8_block,half,132.323,sglang,0.5.10,b200_sxm,0.0
deepseek-ai/DeepSeek-V3,4096,1024,0,672,20.316,1,8,1,84,672,1,637.927,29.53,30847.117,20.316,1.27,20803.277,1300.205,33.864,22.573,22.245,16,1,1,8,1,8,tp1pp1dp8etp1ep8,fp8,bfloat16,bfloat16,fp8_block,half,108.87,sglang,0.5.10,b200_sxm,1,1,8,8,1,tp1pp1dp8etp8ep1,fp8,bfloat16,bfloat16,fp8_block,half,129.934,sglang,0.5.10,b200_sxm,0.0
deepseek-ai/DeepSeek-V3,4096,1024,0,232,6.96,1,1,1,232,232,1,161.66,29.978,30829.154,6.96,0.435,7126.835,445.427,33.358,11.134,7.565,16,8,1,1,1,8,tp8pp1dp1etp1ep8,fp8,bfloat16,bfloat16,fp8_block,half,91.596,sglang,0.5.10,b200_sxm,8,1,1,1,8,tp8pp1dp1etp1ep8,fp8,bfloat16,bfloat16,fp8_block,half,167.131,sglang,0.5.10,b200_sxm,0.0
deepseek-ai/DeepSeek-V3,4096,1024,0,1024,20.316,1,8,1,128,1024,1,637.927,34.197,35621.458,20.316,1.27,20803.277,1300.205,29.242,22.573,29.271,16,1,1,8,1,8,tp1pp1dp8etp1ep8,fp8,bfloat16,bfloat16,fp8_block,half,108.87,sglang,0.5.10,b200_sxm,1,1,8,1,8,tp1pp1dp8etp1ep8,fp8,bfloat16,bfloat16,fp8_block,half,144.181,sglang,0.5.10,b200_sxm,0.0
deepseek-ai/DeepSeek-V3,4096,1024,0,1024,20.316,1,8,1,128,1024,1,637.927,34.675,36110.452,20.316,1.27,20803.277,1300.205,28.839,22.573,28.867,16,1,1,8,1,8,tp1pp1dp8etp1ep8,fp8,bfloat16,bfloat16,fp8_block,half,108.87,sglang,0.5.10,b200_sxm,1,1,8,2,4,tp1pp1dp8etp2ep4,fp8,bfloat16,bfloat16,fp8_block,half,144.307,sglang,0.5.10,b200_sxm,0.0
deepseek-ai/DeepSeek-V3,4096,1024,0,992,20.316,1,8,1,124,992,1,637.927,34.962,36404.053,20.316,1.27,20803.277,1300.205,28.602,22.573,27.736,16,1,1,8,1,8,tp1pp1dp8etp1ep8,fp8,bfloat16,bfloat16,fp8_block,half,108.87,sglang,0.5.10,b200_sxm,1,1,8,4,2,tp1pp1dp8etp4ep2,fp8,bfloat16,bfloat16,fp8_block,half,143.199,sglang,0.5.10,b200_sxm,0.0
deepseek-ai/DeepSeek-V3,4096,1024,0,896,20.316,1,8,1,112,896,1,637.927,34.629,36063.394,20.316,1.27,20803.277,1300.205,28.878,22.573,25.293,16,1,1,8,1,8,tp1pp1dp8etp1ep8,fp8,bfloat16,bfloat16,fp8_block,half,108.87,sglang,0.5.10,b200_sxm,1,1,8,8,1,tp1pp1dp8etp8ep1,fp8,bfloat16,bfloat16,fp8_block,half,139.561,sglang,0.5.10,b200_sxm,0.0
deepseek-ai/DeepSeek-V3,4096,1024,0,264,7.343,1,1,1,264,264,1,161.66,32.334,33239.342,7.343,0.459,7518.74,469.921,30.927,11.134,7.981,16,8,1,1,1,8,tp8pp1dp1etp1ep8,fp8,bfloat16,bfloat16,fp8_block,half,91.596,sglang,0.5.10,b200_sxm,8,1,1,1,8,tp8pp1dp1etp1ep8,fp8,bfloat16,bfloat16,fp8_block,half,177.854,sglang,0.5.10,b200_sxm,0.0
deepseek-ai/DeepSeek-V3,4096,1024,0,1280,20.316,1,8,1,160,1280,1,637.927,39.248,40788.631,20.316,1.27,20803.277,1300.205,25.479,22.573,31.88,16,1,1,8,1,8,tp1pp1dp8etp1ep8,fp8,bfloat16,bfloat16,fp8_block,half,108.87,sglang,0.5.10,b200_sxm,1,1,8,1,8,tp1pp1dp8etp1ep8,fp8,bfloat16,bfloat16,fp8_block,half,154.963,sglang,0.5.10,b200_sxm,0.0
deepseek-ai/DeepSeek-V3,4096,1024,0,1280,20.316,1,8,1,160,1280,1,637.927,39.845,41399.362,20.316,1.27,20803.277,1300.205,25.097,22.573,31.402,16,1,1,8,1,8,tp1pp1dp8etp1ep8,fp8,bfloat16,bfloat16,fp8_block,half,108.87,sglang,0.5.10,b200_sxm,1,1,8,2,4,tp1pp1dp8etp2ep4,fp8,bfloat16,bfloat16,fp8_block,half,155.12,sglang,0.5.10,b200_sxm,0.0
deepseek-ai/DeepSeek-V3,4096,1024,0,1216,20.316,1,8,1,152,1216,1,637.927,39.676,41226.475,20.316,1.27,20803.277,1300.205,25.204,22.573,29.959,16,1,1,8,1,8,tp1pp1dp8etp1ep8,fp8,bfloat16,bfloat16,fp8_block,half,108.87,sglang,0.5.10,b200_sxm,1,1,8,4,2,tp1pp1dp8etp4ep2,fp8,bfloat16,bfloat16,fp8_block,half,152.715,sglang,0.5.10,b200_sxm,0.0
deepseek-ai/DeepSeek-V3,4096,1024,0,1088,20.316,1,8,1,136,1088,1,637.927,38.998,40532.881,20.316,1.27,20803.277,1300.205,25.642,22.573,27.271,16,1,1,8,1,8,tp1pp1dp8etp1ep8,fp8,bfloat16,bfloat16,fp8_block,half,108.87,sglang,0.5.10,b200_sxm,1,1,8,8,1,tp1pp1dp8etp8ep1,fp8,bfloat16,bfloat16,fp8_block,half,147.812,sglang,0.5.10,b200_sxm,0.0
deepseek-ai/DeepSeek-V3,4096,1024,0,1536,31.146,1,8,2,192,1536,1,637.927,44.352,46010.023,31.146,1.298,31893.176,1328.882,22.547,22.573,33.854,24,1,1,8,1,8,tp1pp1dp8etp1ep8,fp8,bfloat16,bfloat16,fp8_block,half,108.87,sglang,0.5.10,b200_sxm,1,1,8,1,8,tp1pp1dp8etp1ep8,fp8,bfloat16,bfloat16,fp8_block,half,165.744,sglang,0.5.10,b200_sxm,0.0
deepseek-ai/DeepSeek-V3,4096,1024,0,1472,20.316,1,8,1,184,1472,1,637.927,43.758,45402.361,20.316,1.27,20803.277,1300.205,22.853,22.573,32.883,16,1,1,8,1,8,tp1pp1dp8etp1ep8,fp8,bfloat16,bfloat16,fp8_block,half,108.87,sglang,0.5.10,b200_sxm,1,1,8,2,4,tp1pp1dp8etp2ep4,fp8,bfloat16,bfloat16,fp8_block,half,163.23,sglang,0.5.10,b200_sxm,0.0
deepseek-ai/DeepSeek-V3,4096,1024,0,1408,20.316,1,8,1,176,1408,1,637.927,43.768,45412.591,20.316,1.27,20803.277,1300.205,22.848,22.573,31.446,16,1,1,8,1,8,tp1pp1dp8etp1ep8,fp8,bfloat16,bfloat16,fp8_block,half,108.87,sglang,0.5.10,b200_sxm,1,1,8,4,2,tp1pp1dp8etp4ep2,fp8,bfloat16,bfloat16,fp8_block,half,160.872,sglang,0.5.10,b200_sxm,0.0
deepseek-ai/DeepSeek-V3,4096,1024,0,1344,20.316,1,8,1,168,1344,1,637.927,44.912,46582.903,20.316,1.27,20803.277,1300.205,22.266,22.573,29.252,16,1,1,8,1,8,tp1pp1dp8etp1ep8,fp8,bfloat16,bfloat16,fp8_block,half,108.87,sglang,0.5.10,b200_sxm,1,1,8,8,1,tp1pp1dp8etp8ep1,fp8,bfloat16,bfloat16,fp8_block,half,158.814,sglang,0.5.10,b200_sxm,0.0
deepseek-ai/DeepSeek-V3,4096,1024,0,1792,32.562,1,8,2,224,1792,1,637.927,49.491,51267.22,32.562,1.357,33343.98,1389.332,20.206,22.573,35.394,24,1,1,8,1,8,tp1pp1dp8etp1ep8,fp8,bfloat16,bfloat16,fp8_block,half,108.87,sglang,0.5.10,b200_sxm,1,1,8,1,8,tp1pp1dp8etp1ep8,fp8,bfloat16,bfloat16,fp8_block,half,176.526,sglang,0.5.10,b200_sxm,0.0
deepseek-ai/DeepSeek-V3,4096,1024,0,1728,31.706,1,8,2,216,1728,1,637.927,49.013,50778.226,31.706,1.321,32466.903,1352.788,20.403,22.573,34.463,24,1,1,8,1,8,tp1pp1dp8etp1ep8,fp8,bfloat16,bfloat16,fp8_block,half,108.87,sglang,0.5.10,b200_sxm,1,1,8,2,4,tp1pp1dp8etp2ep4,fp8,bfloat16,bfloat16,fp8_block,half,174.043,sglang,0.5.10,b200_sxm,0.0
deepseek-ai/DeepSeek-V3,4096,1024,0,1664,20.316,1,8,1,208,1664,1,637.927,49.251,51021.7,20.316,1.27,20803.277,1300.205,20.304,22.573,33.026,16,1,1,8,1,8,tp1pp1dp8etp1ep8,fp8,bfloat16,bfloat16,fp8_block,half,108.87,sglang,0.5.10,b200_sxm,1,1,8,4,2,tp1pp1dp8etp4ep2,fp8,bfloat16,bfloat16,fp8_block,half,171.748,sglang,0.5.10,b200_sxm,0.0
deepseek-ai/DeepSeek-V3,4096,1024,0,1536,20.316,1,8,1,192,1536,1,637.927,49.369,51142.414,20.316,1.27,20803.277,1300.205,20.256,22.573,30.413,16,1,1,8,1,8,tp1pp1dp8etp1ep8,fp8,bfloat16,bfloat16,fp8_block,half,108.87,sglang,0.5.10,b200_sxm,1,1,8,8,1,tp1pp1dp8etp8ep1,fp8,bfloat16,bfloat16,fp8_block,half,167.065,sglang,0.5.10,b200_sxm,0.0
deepseek-ai/DeepSeek-V3,4096,1024,0,1856,32.873,1,8,2,232,1856,1,637.927,50.776,52581.775,32.873,1.37,33661.46,1402.561,19.694,22.573,35.731,24,1,1,8,1,8,tp1pp1dp8etp1ep8,fp8,bfloat16,bfloat16,fp8_block,half,108.87,sglang,0.5.10,b200_sxm,1,1,8,1,8,tp1pp1dp8etp1ep8,fp8,bfloat16,bfloat16,fp8_block,half,179.221,sglang,0.5.10,b200_sxm,0.0
deepseek-ai/DeepSeek-V3,4096,1024,0,1856,32.321,1,8,2,232,1856,1,637.927,51.642,53467.693,32.321,1.347,33097.155,1379.048,19.364,22.573,35.132,24,1,1,8,1,8,tp1pp1dp8etp1ep8,fp8,bfloat16,bfloat16,fp8_block,half,108.87,sglang,0.5.10,b200_sxm,1,1,8,2,4,tp1pp1dp8etp2ep4,fp8,bfloat16,bfloat16,fp8_block,half,179.449,sglang,0.5.10,b200_sxm,0.0
deepseek-ai/DeepSeek-V3,4096,1024,0,1856,31.273,1,8,2,232,1856,1,637.927,53.374,55239.529,31.273,1.303,32023.183,1334.299,18.736,22.573,33.992,24,1,1,8,1,8,tp1pp1dp8etp1ep8,fp8,bfloat16,bfloat16,fp8_block,half,108.87,sglang,0.5.10,b200_sxm,1,1,8,4,2,tp1pp1dp8etp4ep2,fp8,bfloat16,bfloat16,fp8_block,half,179.905,sglang,0.5.10,b200_sxm,0.0
deepseek-ai/DeepSeek-V3,4096,1024,0,1728,20.316,1,8,1,216,1728,1,637.927,53.851,55727.5,20.316,1.27,20803.277,1300.205,18.57,22.573,31.367,16,1,1,8,1,8,tp1pp1dp8etp1ep8,fp8,bfloat16,bfloat16,fp8_block,half,108.87,sglang,0.5.10,b200_sxm,1,1,8,8,1,tp1pp1dp8etp8ep1,fp8,bfloat16,bfloat16,fp8_block,half,175.316,sglang,0.5.10,b200_sxm,0.0
deepseek-ai/DeepSeek-V3,4096,1024,0,1792,20.316,1,8,1,224,1792,1,637.927,55.344,57254.839,20.316,1.27,20803.277,1300.205,18.069,22.573,31.651,16,1,1,8,1,8,tp1pp1dp8etp1ep8,fp8,bfloat16,bfloat16,fp8_block,half,108.87,sglang,0.5.10,b200_sxm,1,1,8,8,1,tp1pp1dp8etp8ep1,fp8,bfloat16,bfloat16,fp8_block,half,178.067,sglang,0.5.10,b200_sxm,0.0
