model_key,system,case_id,series,model,isl,osl,prefix,concurrency,request_rate,(p)bs,(p)global_bs,(p)workers,(d)bs,(d)global_bs,(d)workers,ttft,tpot,request_latency,seq/s,seq/s/gpu,tokens/s,tokens/s/gpu,tokens/s/user,(p)seq/s/worker,(d)seq/s/worker,num_total_gpus,(p)tp,(p)pp,(p)dp,(p)moe_tp,(p)moe_ep,(p)parallel,(p)gemm,(p)kvcache,(p)fmha,(p)moe,(p)comm,(p)memory,(p)backend,(p)version,(p)system,(d)tp,(d)pp,(d)dp,(d)moe_tp,(d)moe_ep,(d)parallel,(d)gemm,(d)kvcache,(d)fmha,(d)moe,(d)comm,(d)memory,(d)backend,(d)version,(d)system,power_w,tokens/s/gpu_cluster
deepseek_v3,a100_sxm,deepseek_v3__a100_sxm__analytical__high,ANALYTICAL-high,deepseek-ai/DeepSeek-V3,4096,1024,0,224,3.584,1,8,1,7,224,1,3616.182,54.732,59607.018,3.584,0.056,3669.811,57.341,18.271,3.982,4.001,64,4,1,8,1,32,tp4pp1dp8etp1ep32,bfloat16,bfloat16,bfloat16,bfloat16,half,62.579,sglang,0.5.10,a100_sxm,1,1,32,1,32,tp1pp1dp32etp1ep32,bfloat16,bfloat16,bfloat16,bfloat16,half,76.488,sglang,0.5.10,a100_sxm,0.0,57.341
deepseek_v3,a100_sxm,deepseek_v3__a100_sxm__analytical__low,ANALYTICAL-low,deepseek-ai/DeepSeek-V3,4096,1024,0,256,5.78,1,16,1,8,256,1,4484.518,33.799,39060.895,5.78,0.09,5918.515,92.477,29.587,6.422,7.404,64,2,1,16,1,32,tp2pp1dp16etp1ep32,bfloat16,bfloat16,bfloat16,bfloat16,half,68.924,sglang,0.5.10,a100_sxm,1,1,32,1,32,tp1pp1dp32etp1ep32,bfloat16,bfloat16,bfloat16,bfloat16,half,76.823,sglang,0.5.10,a100_sxm,0.0,92.477
deepseek_v3,a100_sxm,deepseek_v3__a100_sxm__analytical__standard,ANALYTICAL-standard,deepseek-ai/DeepSeek-V3,4096,1024,0,224,4.628,1,8,1,7,224,1,2800.611,39.339,43044.408,4.628,0.072,4738.867,74.045,25.42,5.142,5.566,64,4,1,8,1,32,tp4pp1dp8etp1ep32,bfloat16,bfloat16,bfloat16,bfloat16,half,62.579,sglang,0.5.10,a100_sxm,1,1,32,1,32,tp1pp1dp32etp1ep32,bfloat16,bfloat16,bfloat16,bfloat16,half,76.488,sglang,0.5.10,a100_sxm,0.0,74.045
deepseek_v3,b200_sxm,deepseek_v3__b200_sxm__analytical__high,ANALYTICAL-high,deepseek-ai/DeepSeek-V3,4096,1024,0,672,15.153,1,8,1,84,672,1,855.277,39.782,41552.263,15.153,0.947,15516.979,969.811,25.137,16.837,16.512,16,1,1,8,1,8,tp1pp1dp8etp1ep8,fp8,bfloat16,bfloat16,fp8_block,half,108.87,sglang,0.5.10,b200_sxm,1,1,8,1,8,tp1pp1dp8etp1ep8,fp8,bfloat16,bfloat16,fp8_block,half,129.404,sglang,0.5.10,b200_sxm,0.0,969.811
deepseek_v3,b200_sxm,deepseek_v3__b200_sxm__analytical__low,ANALYTICAL-low,deepseek-ai/DeepSeek-V3,4096,1024,0,576,25.127,1,8,1,72,576,1,515.774,19.633,20600.333,25.127,1.57,25730.15,1608.134,50.935,27.919,28.679,16,1,1,8,1,8,tp1pp1dp8etp1ep8,fp8,bfloat16,bfloat16,fp8_block,half,108.87,sglang,0.5.10,b200_sxm,1,1,8,1,8,tp1pp1dp8etp1ep8,fp8,bfloat16,bfloat16,fp8_block,half,125.383,sglang,0.5.10,b200_sxm,0.0,1608.134
deepseek_v3,b200_sxm,deepseek_v3__b200_sxm__analytical__standard,ANALYTICAL-standard,deepseek-ai/DeepSeek-V3,4096,1024,0,672,20.316,1,8,1,84,672,1,637.927,29.53,30847.117,20.316,1.27,20803.277,1300.205,33.864,22.573,22.245,16,1,1,8,1,8,tp1pp1dp8etp1ep8,fp8,bfloat16,bfloat16,fp8_block,half,108.87,sglang,0.5.10,b200_sxm,1,1,8,8,1,tp1pp1dp8etp8ep1,fp8,bfloat16,bfloat16,fp8_block,half,129.934,sglang,0.5.10,b200_sxm,0.0,1300.205
deepseek_v3,b200_sxm,deepseek_v3__b200_sxm__silicon,SILICON,deepseek-ai/DeepSeek-V3,4096,1024,0,384,11.408,1,8,1,48,384,1,1136.027,29.022,30825.533,11.408,0.713,11682.202,730.138,34.456,12.676,12.934,16,1,1,8,8,1,tp1pp1dp8etp8ep1,fp8,bfloat16,bfloat16,fp8_block,half,137.045,sglang,0.5.10,b200_sxm,1,1,8,4,2,tp1pp1dp8etp4ep2,fp8,bfloat16,bfloat16,fp8_block,half,117.369,sglang,0.5.10,b200_sxm,0.0,730.138
deepseek_v3,b300_sxm,deepseek_v3__b300_sxm__analytical__high,ANALYTICAL-high,deepseek-ai/DeepSeek-V3,4096,1024,0,800,15.964,1,4,2,100,800,1,811.827,44.482,46316.913,15.964,0.998,16347.341,1021.709,22.481,8.869,17.581,16,1,1,4,1,4,tp1pp1dp4etp1ep4,fp8,bfloat16,bfloat16,fp8_block,half,188.932,sglang,0.5.10,b300_sxm,1,1,8,2,4,tp1pp1dp8etp2ep4,fp8,bfloat16,bfloat16,fp8_block,half,134.845,sglang,0.5.10,b300_sxm,0.0,1021.709
deepseek_v3,b300_sxm,deepseek_v3__b300_sxm__analytical__low,ANALYTICAL-low,deepseek-ai/DeepSeek-V3,4096,1024,0,800,28.638,1,4,2,100,800,1,452.547,24.524,25540.599,28.638,1.79,29325.312,1832.832,40.776,15.91,31.888,16,1,1,4,1,4,tp1pp1dp4etp1ep4,fp8,bfloat16,bfloat16,fp8_block,half,188.932,sglang,0.5.10,b300_sxm,1,1,8,4,2,tp1pp1dp8etp4ep2,fp8,bfloat16,bfloat16,fp8_block,half,135.042,sglang,0.5.10,b300_sxm,0.0,1832.832
deepseek_v3,b300_sxm,deepseek_v3__b300_sxm__analytical__standard,ANALYTICAL-standard,deepseek-ai/DeepSeek-V3,4096,1024,0,3072,45.176,1,4,5,256,1024,3,581.143,61.153,63140.662,45.176,1.412,46259.896,1445.622,16.352,12.389,16.368,32,1,1,4,1,4,tp1pp1dp4etp1ep4,fp8,bfloat16,bfloat16,fp8_block,half,188.932,sglang,0.5.10,b300_sxm,1,1,4,1,4,tp1pp1dp4etp1ep4,fp8,bfloat16,bfloat16,fp8_block,half,267.37,sglang,0.5.10,b300_sxm,0.0,1445.622
deepseek_v3,b300_sxm,deepseek_v3__b300_sxm__silicon,SILICON,deepseek-ai/DeepSeek-V3,4096,1024,0,2592,34.52,1,4,5,216,864,3,938.585,64.674,67100.087,34.52,1.079,35347.968,1104.624,15.462,7.671,13.059,32,1,1,4,4,1,tp1pp1dp4etp4ep1,fp8,bfloat16,bfloat16,fp8_block,half,201.007,sglang,0.5.10,b300_sxm,1,1,4,4,1,tp1pp1dp4etp4ep1,fp8,bfloat16,bfloat16,fp8_block,half,254.53,sglang,0.5.10,b300_sxm,0.0,1104.624
deepseek_v3,h100_sxm,deepseek_v3__h100_sxm__analytical__high,ANALYTICAL-high,deepseek-ai/DeepSeek-V3,4096,1024,0,352,7.038,1,16,1,22,352,1,3682.856,44.916,49631.924,7.038,0.22,7206.912,225.216,22.264,7.82,7.661,32,1,1,16,1,16,tp1pp1dp16etp1ep16,fp8,bfloat16,bfloat16,fp8_block,half,67.764,sglang,0.5.10,h100_sxm,1,1,16,1,16,tp1pp1dp16etp1ep16,fp8,bfloat16,bfloat16,fp8_block,half,67.523,sglang,0.5.10,h100_sxm,0.0,225.216
deepseek_v3,h100_sxm,deepseek_v3__h100_sxm__analytical__low,ANALYTICAL-low,deepseek-ai/DeepSeek-V3,4096,1024,0,320,8.638,1,16,1,20,320,1,3000.627,24.806,28377.165,8.638,0.27,8845.517,276.422,40.312,9.598,12.61,32,1,1,16,1,16,tp1pp1dp16etp1ep16,fp8,bfloat16,bfloat16,fp8_block,half,67.764,sglang,0.5.10,h100_sxm,1,1,16,1,16,tp1pp1dp16etp1ep16,fp8,bfloat16,bfloat16,fp8_block,half,66.853,sglang,0.5.10,h100_sxm,0.0,276.422
deepseek_v3,h100_sxm,deepseek_v3__h100_sxm__analytical__standard,ANALYTICAL-standard,deepseek-ai/DeepSeek-V3,4096,1024,0,416,7.987,1,16,1,26,416,1,3245.551,34.992,39042.367,7.987,0.25,8178.278,255.571,28.578,8.874,11.621,32,1,1,16,1,16,tp1pp1dp16etp1ep16,fp8,bfloat16,bfloat16,fp8_block,half,67.764,sglang,0.5.10,h100_sxm,1,1,16,1,16,tp1pp1dp16etp1ep16,fp8,bfloat16,bfloat16,fp8_block,half,68.863,sglang,0.5.10,h100_sxm,0.0,255.571
deepseek_v3,h100_sxm,deepseek_v3__h100_sxm__silicon,SILICON,deepseek-ai/DeepSeek-V3,4096,1024,0,96,4.965,1,1,1,96,96,1,404.051,34.778,35981.945,4.965,0.155,5084.406,158.888,28.754,8.91,5.397,32,8,2,1,8,1,tp8pp2dp1etp8ep1,fp8,bfloat16,bfloat16,fp8_block,half,52.815,sglang,0.5.10,h100_sxm,8,2,1,2,4,tp8pp2dp1etp2ep4,fp8,bfloat16,bfloat16,fp8_block,half,79.256,sglang,0.5.10,h100_sxm,0.0,158.888
deepseek_v3,h200_sxm,deepseek_v3__h200_sxm__analytical__high,ANALYTICAL-high,deepseek-ai/DeepSeek-V3,4096,1024,0,576,8.664,1,8,1,72,576,1,1495.838,59.093,61947.977,8.664,0.542,8872.243,554.515,16.922,9.627,9.528,16,1,1,8,1,8,tp1pp1dp8etp1ep8,fp8,bfloat16,bfloat16,fp8_block,half,108.87,sglang,0.5.10,h200_sxm,1,1,8,1,8,tp1pp1dp8etp1ep8,fp8,bfloat16,bfloat16,fp8_block,half,125.383,sglang,0.5.10,h200_sxm,0.0,554.515
deepseek_v3,h200_sxm,deepseek_v3__h200_sxm__analytical__low,ANALYTICAL-low,deepseek-ai/DeepSeek-V3,4096,1024,0,480,14.1,1,8,1,60,480,1,919.102,29.498,31095.556,14.1,0.881,14438.707,902.419,33.901,15.667,15.907,16,1,1,8,1,8,tp1pp1dp8etp1ep8,fp8,bfloat16,bfloat16,fp8_block,half,108.87,sglang,0.5.10,h200_sxm,1,1,8,4,2,tp1pp1dp8etp4ep2,fp8,bfloat16,bfloat16,fp8_block,half,121.447,sglang,0.5.10,h200_sxm,0.0,902.419
deepseek_v3,h200_sxm,deepseek_v3__h200_sxm__analytical__standard,ANALYTICAL-standard,deepseek-ai/DeepSeek-V3,4096,1024,0,544,11.492,1,8,1,68,544,1,1127.732,39.399,41432.909,11.492,0.718,11767.91,735.494,25.381,12.769,13.497,16,1,1,8,1,8,tp1pp1dp8etp1ep8,fp8,bfloat16,bfloat16,fp8_block,half,108.87,sglang,0.5.10,h200_sxm,1,1,8,1,8,tp1pp1dp8etp1ep8,fp8,bfloat16,bfloat16,fp8_block,half,124.042,sglang,0.5.10,h200_sxm,0.0,735.494
deepseek_v3,h200_sxm,deepseek_v3__h200_sxm__silicon,SILICON,deepseek-ai/DeepSeek-V3,4096,1024,0,320,7.716,1,8,1,40,320,1,1679.771,34.368,36838.235,7.716,0.482,7900.877,493.805,29.097,8.573,9.102,16,1,1,8,8,1,tp1pp1dp8etp8ep1,fp8,bfloat16,bfloat16,fp8_block,half,137.045,sglang,0.5.10,h200_sxm,1,1,8,8,1,tp1pp1dp8etp8ep1,fp8,bfloat16,bfloat16,fp8_block,half,114.807,sglang,0.5.10,h200_sxm,0.0,493.805
deepseek_v3,rtx_pro_6000_server,deepseek_v3__rtx_pro_6000_server__analytical__high,ANALYTICAL-high,deepseek-ai/DeepSeek-V3,4096,1024,0,54,0.591,1,1,1,18,18,3,1277.698,82.391,85563.691,0.591,0.018,604.815,18.9,12.137,1.409,0.214,32,8,1,1,1,8,tp8pp1dp1etp1ep8,fp8,bfloat16,bfloat16,fp8_block,half,91.596,sglang,0.5.10,rtx_pro_6000_server,8,1,1,1,8,tp8pp1dp1etp1ep8,fp8,bfloat16,bfloat16,fp8_block,half,95.423,sglang,0.5.10,rtx_pro_6000_server,0.0,18.9
deepseek_v3,rtx_pro_6000_server,deepseek_v3__rtx_pro_6000_server__analytical__low,ANALYTICAL-low,deepseek-ai/DeepSeek-V3,4096,1024,0,54,1.267,1,1,1,18,18,3,971.444,38.314,40166.666,1.267,0.04,1297.244,40.539,26.1,1.853,0.459,32,8,1,1,1,8,tp8pp1dp1etp1ep8,fp8,bfloat16,bfloat16,fp8_block,half,91.596,sglang,0.5.10,rtx_pro_6000_server,8,1,1,1,8,tp8pp1dp1etp1ep8,fp8,bfloat16,bfloat16,fp8_block,half,95.423,sglang,0.5.10,rtx_pro_6000_server,0.0,40.539
deepseek_v3,rtx_pro_6000_server,deepseek_v3__rtx_pro_6000_server__analytical__standard,ANALYTICAL-standard,deepseek-ai/DeepSeek-V3,4096,1024,0,54,0.922,1,1,1,18,18,3,1081.055,52.668,54960.419,0.922,0.029,943.964,29.499,18.987,1.665,0.334,32,8,1,1,1,8,tp8pp1dp1etp1ep8,fp8,bfloat16,bfloat16,fp8_block,half,91.596,sglang,0.5.10,rtx_pro_6000_server,8,1,1,1,8,tp8pp1dp1etp1ep8,fp8,bfloat16,bfloat16,fp8_block,half,95.423,sglang,0.5.10,rtx_pro_6000_server,0.0,29.499
llama31_70b,a100_sxm,llama31_70b__a100_sxm__analytical__high,ANALYTICAL-high,meta-llama/Meta-Llama-3.1-70B,4096,1024,0,96,0.928,1,1,1,96,96,1,1735.11,92.994,96867.972,0.928,0.116,950.559,118.82,10.753,1.037,1.009,8,4,1,1,1,1,tp4pp1dp1etp1ep1,bfloat16,bfloat16,bfloat16,bfloat16,half,38.216,sglang,0.5.10,a100_sxm,4,1,1,1,1,tp4pp1dp1etp1ep1,bfloat16,bfloat16,bfloat16,bfloat16,half,75.037,sglang,0.5.10,a100_sxm,0.0,118.82
llama31_70b,a100_sxm,llama31_70b__a100_sxm__analytical__low,ANALYTICAL-low,meta-llama/Meta-Llama-3.1-70B,4096,1024,0,76,1.315,1,1,1,76,76,1,1231.765,49.733,52108.624,1.315,0.164,1346.458,168.307,20.107,1.461,1.494,8,4,1,1,1,1,tp4pp1dp1etp1ep1,bfloat16,bfloat16,bfloat16,bfloat16,half,38.216,sglang,0.5.10,a100_sxm,4,1,1,1,1,tp4pp1dp1etp1ep1,bfloat16,bfloat16,bfloat16,bfloat16,half,67.225,sglang,0.5.10,a100_sxm,0.0,168.307
llama31_70b,a100_sxm,llama31_70b__a100_sxm__analytical__standard,ANALYTICAL-standard,meta-llama/Meta-Llama-3.1-70B,4096,1024,0,84,1.173,1,1,1,84,84,1,1376.381,64.377,67234.052,1.173,0.147,1201.152,150.144,15.533,1.308,1.275,8,4,1,1,1,1,tp4pp1dp1etp1ep1,bfloat16,bfloat16,bfloat16,bfloat16,half,38.216,sglang,0.5.10,a100_sxm,4,1,1,1,1,tp4pp1dp1etp1ep1,bfloat16,bfloat16,bfloat16,bfloat16,half,70.35,sglang,0.5.10,a100_sxm,0.0,150.144
llama31_70b,a100_sxm,llama31_70b__a100_sxm__silicon,SILICON,meta-llama/Meta-Llama-3.1-70B,4096,1024,0,108,1.133,1,1,1,108,108,1,1430.12,83.323,86669.549,1.133,0.142,1160.294,145.037,12.002,1.259,1.267,8,4,1,1,1,1,tp4pp1dp1etp1ep1,bfloat16,bfloat16,bfloat16,bfloat16,half,38.216,sglang,0.5.10,a100_sxm,4,1,1,1,1,tp4pp1dp1etp1ep1,bfloat16,bfloat16,bfloat16,bfloat16,half,79.725,sglang,0.5.10,a100_sxm,0.0,145.037
llama31_70b,b200_sxm,llama31_70b__b200_sxm__analytical__high,ANALYTICAL-high,meta-llama/Meta-Llama-3.1-70B,4096,1024,0,304,4.961,1,1,1,304,304,1,326.587,53.935,55502.092,4.961,0.62,5079.859,634.982,18.541,5.512,5.51,8,4,1,1,1,1,tp4pp1dp1etp1ep1,bfloat16,bfloat16,bfloat16,bfloat16,half,38.216,sglang,0.5.10,b200_sxm,4,1,1,1,1,tp4pp1dp1etp1ep1,bfloat16,bfloat16,bfloat16,bfloat16,half,156.287,sglang,0.5.10,b200_sxm,0.0,634.982
llama31_70b,b200_sxm,llama31_70b__b200_sxm__analytical__low,ANALYTICAL-low,meta-llama/Meta-Llama-3.1-70B,4096,1024,0,1008,29.805,1,1,7,112,112,9,380.471,29.556,30616.259,29.805,0.931,30520.627,953.77,33.834,4.731,3.704,32,2,1,1,1,1,tp2pp1dp1etp1ep1,bfloat16,bfloat16,bfloat16,bfloat16,half,71.477,sglang,0.5.10,b200_sxm,2,1,1,1,1,tp2pp1dp1etp1ep1,bfloat16,bfloat16,bfloat16,bfloat16,half,157.842,sglang,0.5.10,b200_sxm,0.0,953.77
llama31_70b,b200_sxm,llama31_70b__b200_sxm__analytical__standard,ANALYTICAL-standard,meta-llama/Meta-Llama-3.1-70B,4096,1024,0,1152,25.988,1,1,7,128,128,9,436.41,39.752,41102.706,25.988,0.812,26611.2,831.6,25.156,4.125,3.148,32,2,1,1,1,1,tp2pp1dp1etp1ep1,bfloat16,bfloat16,bfloat16,bfloat16,half,71.477,sglang,0.5.10,b200_sxm,2,1,1,1,1,tp2pp1dp1etp1ep1,bfloat16,bfloat16,bfloat16,bfloat16,half,170.342,sglang,0.5.10,b200_sxm,0.0,831.6
llama31_70b,b200_sxm,llama31_70b__b200_sxm__silicon,SILICON,meta-llama/Meta-Llama-3.1-70B,4096,1024,0,160,5.722,1,1,1,160,160,1,283.111,24.824,25678.063,5.722,0.715,5859.533,732.442,40.284,6.358,6.3,8,4,1,1,1,1,tp4pp1dp1etp1ep1,bfloat16,bfloat16,bfloat16,bfloat16,half,38.216,sglang,0.5.10,b200_sxm,4,1,1,1,1,tp4pp1dp1etp1ep1,bfloat16,bfloat16,bfloat16,bfloat16,half,100.037,sglang,0.5.10,b200_sxm,0.0,732.442
llama31_70b,b300_sxm,llama31_70b__b300_sxm__analytical__high,ANALYTICAL-high,meta-llama/Meta-Llama-3.1-70B,4096,1024,0,248,2.524,1,1,1,248,248,1,565.996,88.342,90939.862,2.524,0.631,2585.068,646.267,11.32,3.18,2.744,4,2,1,1,1,1,tp2pp1dp1etp1ep1,bfloat16,bfloat16,bfloat16,bfloat16,half,71.477,sglang,0.5.10,b300_sxm,2,1,1,1,1,tp2pp1dp1etp1ep1,bfloat16,bfloat16,bfloat16,bfloat16,half,264.092,sglang,0.5.10,b300_sxm,0.0,646.267
llama31_70b,b300_sxm,llama31_70b__b300_sxm__analytical__low,ANALYTICAL-low,meta-llama/Meta-Llama-3.1-70B,4096,1024,0,248,4.238,1,1,1,248,248,1,382.223,52.189,53771.57,4.238,1.06,4339.814,1084.954,19.161,4.709,4.645,4,2,1,1,1,1,tp2pp1dp1etp1ep1,bfloat16,bfloat16,bfloat16,bfloat16,half,71.477,sglang,0.5.10,b300_sxm,2,1,1,1,1,tp2pp1dp1etp1ep1,bfloat16,bfloat16,bfloat16,bfloat16,half,264.092,sglang,0.5.10,b300_sxm,0.0,1084.954
llama31_70b,b300_sxm,llama31_70b__b300_sxm__analytical__standard,ANALYTICAL-standard,meta-llama/Meta-Llama-3.1-70B,4096,1024,0,248,3.444,1,1,1,248,248,1,438.419,64.769,66697.106,3.444,0.861,3526.205,881.551,15.44,4.106,3.743,4,2,1,1,1,1,tp2pp1dp1etp1ep1,bfloat16,bfloat16,bfloat16,bfloat16,half,71.477,sglang,0.5.10,b300_sxm,2,1,1,1,1,tp2pp1dp1etp1ep1,bfloat16,bfloat16,bfloat16,bfloat16,half,264.092,sglang,0.5.10,b300_sxm,0.0,881.551
llama31_70b,b300_sxm,llama31_70b__b300_sxm__silicon,SILICON,meta-llama/Meta-Llama-3.1-70B,4096,1024,0,1736,29.598,1,1,9,248,248,7,440.928,52.749,54403.155,29.598,0.925,30308.598,947.144,18.958,4.082,4.596,32,2,1,1,1,1,tp2pp1dp1etp1ep1,bfloat16,bfloat16,bfloat16,bfloat16,half,71.477,sglang,0.5.10,b300_sxm,2,1,1,1,1,tp2pp1dp1etp1ep1,bfloat16,bfloat16,bfloat16,bfloat16,half,264.092,sglang,0.5.10,b300_sxm,0.0,947.144
llama31_70b,h100_sxm,llama31_70b__h100_sxm__analytical__high,ANALYTICAL-high,meta-llama/Meta-Llama-3.1-70B,4096,1024,0,240,3.836,1,1,1,240,240,1,422.314,54.362,56034.64,3.836,0.24,3927.859,245.491,18.395,4.262,4.316,16,8,1,1,1,1,tp8pp1dp1etp1ep1,bfloat16,bfloat16,bfloat16,bfloat16,half,21.633,sglang,0.5.10,h100_sxm,8,1,1,1,1,tp8pp1dp1etp1ep1,bfloat16,bfloat16,bfloat16,bfloat16,half,67.986,sglang,0.5.10,h100_sxm,0.0,245.491
llama31_70b,h100_sxm,llama31_70b__h100_sxm__analytical__low,ANALYTICAL-low,meta-llama/Meta-Llama-3.1-70B,4096,1024,0,280,9.998,1,1,3,56,56,5,486.128,24.657,25710.239,9.998,0.312,10238.054,319.939,40.556,3.703,2.22,32,4,1,1,1,1,tp4pp1dp1etp1ep1,bfloat16,bfloat16,bfloat16,bfloat16,half,38.216,sglang,0.5.10,h100_sxm,4,1,1,1,1,tp4pp1dp1etp1ep1,bfloat16,bfloat16,bfloat16,bfloat16,half,59.412,sglang,0.5.10,h100_sxm,0.0,319.939
llama31_70b,h100_sxm,llama31_70b__h100_sxm__analytical__standard,ANALYTICAL-standard,meta-llama/Meta-Llama-3.1-70B,4096,1024,0,108,2.276,1,1,1,108,108,1,539.588,42.673,44194.067,2.276,0.285,2330.706,291.338,23.434,3.336,2.474,8,4,1,1,1,1,tp4pp1dp1etp1ep1,bfloat16,bfloat16,bfloat16,bfloat16,half,38.216,sglang,0.5.10,h100_sxm,4,1,1,1,1,tp4pp1dp1etp1ep1,bfloat16,bfloat16,bfloat16,bfloat16,half,79.725,sglang,0.5.10,h100_sxm,0.0,291.338
llama31_70b,h100_sxm,llama31_70b__h100_sxm__silicon,SILICON,meta-llama/Meta-Llama-3.1-70B,4096,1024,0,144,4.836,1,1,1,144,144,1,334.998,24.642,25543.764,4.836,0.302,4951.757,309.485,40.58,5.373,5.712,16,8,1,1,1,1,tp8pp1dp1etp1ep1,bfloat16,bfloat16,bfloat16,bfloat16,half,21.633,sglang,0.5.10,h100_sxm,8,1,1,1,1,tp8pp1dp1etp1ep1,bfloat16,bfloat16,bfloat16,bfloat16,half,49.236,sglang,0.5.10,h100_sxm,0.0,309.485
llama31_70b,h200_sxm,llama31_70b__h200_sxm__analytical__high,ANALYTICAL-high,meta-llama/Meta-Llama-3.1-70B,4096,1024,0,168,2.57,1,1,1,168,168,1,630.311,58.06,60025.691,2.57,0.321,2632.09,329.011,17.224,2.856,2.829,8,4,1,1,1,1,tp4pp1dp1etp1ep1,bfloat16,bfloat16,bfloat16,bfloat16,half,38.216,sglang,0.5.10,h200_sxm,4,1,1,1,1,tp4pp1dp1etp1ep1,bfloat16,bfloat16,bfloat16,bfloat16,half,103.162,sglang,0.5.10,h200_sxm,0.0,329.011
llama31_70b,h200_sxm,llama31_70b__h200_sxm__analytical__low,ANALYTICAL-low,meta-llama/Meta-Llama-3.1-70B,4096,1024,0,684,14.862,1,1,7,76,76,9,763.166,39.837,41516.417,14.862,0.464,15218.381,475.574,25.102,2.359,1.865,32,2,1,1,1,1,tp2pp1dp1etp1ep1,bfloat16,bfloat16,bfloat16,bfloat16,half,71.477,sglang,0.5.10,h200_sxm,2,1,1,1,1,tp2pp1dp1etp1ep1,bfloat16,bfloat16,bfloat16,bfloat16,half,129.717,sglang,0.5.10,h200_sxm,0.0,475.574
llama31_70b,h200_sxm,llama31_70b__h200_sxm__analytical__standard,ANALYTICAL-standard,meta-llama/Meta-Llama-3.1-70B,4096,1024,0,792,13.18,1,1,7,88,88,9,860.364,53.257,55342.275,13.18,0.412,13495.91,421.747,18.777,2.092,1.615,32,2,1,1,1,1,tp2pp1dp1etp1ep1,bfloat16,bfloat16,bfloat16,bfloat16,half,71.477,sglang,0.5.10,h200_sxm,2,1,1,1,1,tp2pp1dp1etp1ep1,bfloat16,bfloat16,bfloat16,bfloat16,half,139.092,sglang,0.5.10,h200_sxm,0.0,421.747
llama31_70b,h200_sxm,llama31_70b__h200_sxm__silicon,SILICON,meta-llama/Meta-Llama-3.1-70B,4096,1024,0,792,14.918,1,1,5,264,264,3,543.031,47.38,49012.771,14.918,0.466,15275.52,477.36,21.106,3.315,5.447,32,4,1,1,1,1,tp4pp1dp1etp1ep1,bfloat16,bfloat16,bfloat16,bfloat16,half,38.216,sglang,0.5.10,h200_sxm,4,1,1,1,1,tp4pp1dp1etp1ep1,bfloat16,bfloat16,bfloat16,bfloat16,half,140.662,sglang,0.5.10,h200_sxm,0.0,477.36
llama31_70b,rtx_pro_6000_server,llama31_70b__rtx_pro_6000_server__analytical__high,ANALYTICAL-high,meta-llama/Meta-Llama-3.1-70B,4096,1024,0,100,0.826,1,1,1,100,100,1,1961.471,108.008,112453.655,0.826,0.103,846.029,105.754,9.259,0.918,0.905,8,4,1,1,1,1,tp4pp1dp1etp1ep1,bfloat16,bfloat16,bfloat16,bfloat16,half,38.216,sglang,0.5.10,rtx_pro_6000_server,4,1,1,1,1,tp4pp1dp1etp1ep1,bfloat16,bfloat16,bfloat16,bfloat16,half,76.6,sglang,0.5.10,rtx_pro_6000_server,0.0,105.754
llama31_70b,rtx_pro_6000_server,llama31_70b__rtx_pro_6000_server__analytical__low,ANALYTICAL-low,meta-llama/Meta-Llama-3.1-70B,4096,1024,0,432,4.364,1,1,5,144,144,3,1604.178,89.047,92699.259,4.364,0.136,4468.285,139.634,11.23,1.122,1.581,32,4,1,1,1,1,tp4pp1dp1etp1ep1,bfloat16,bfloat16,bfloat16,bfloat16,half,38.216,sglang,0.5.10,rtx_pro_6000_server,4,1,1,1,1,tp4pp1dp1etp1ep1,bfloat16,bfloat16,bfloat16,bfloat16,half,93.787,sglang,0.5.10,rtx_pro_6000_server,0.0,139.634
llama31_70b,rtx_pro_6000_server,llama31_70b__rtx_pro_6000_server__analytical__standard,ANALYTICAL-standard,meta-llama/Meta-Llama-3.1-70B,4096,1024,0,72,0.948,1,1,1,72,72,1,1709.483,68.042,71316.449,0.948,0.118,970.445,121.306,14.697,1.053,1.034,8,4,1,1,1,1,tp4pp1dp1etp1ep1,bfloat16,bfloat16,bfloat16,bfloat16,half,38.216,sglang,0.5.10,rtx_pro_6000_server,4,1,1,1,1,tp4pp1dp1etp1ep1,bfloat16,bfloat16,bfloat16,bfloat16,half,65.662,sglang,0.5.10,rtx_pro_6000_server,0.0,121.306
llama31_70b,rtx_pro_6000_server,llama31_70b__rtx_pro_6000_server__silicon,SILICON,meta-llama/Meta-Llama-3.1-70B,4096,1024,0,160,1.59,1,1,3,32,32,5,3054.908,89.306,94414.946,1.59,0.099,1628.467,101.779,11.197,0.589,0.35,16,2,1,1,1,1,tp2pp1dp1etp1ep1,bfloat16,bfloat16,bfloat16,bfloat16,half,71.477,sglang,0.5.10,rtx_pro_6000_server,2,1,1,1,1,tp2pp1dp1etp1ep1,bfloat16,bfloat16,bfloat16,bfloat16,half,95.342,sglang,0.5.10,rtx_pro_6000_server,0.0,101.779
qwen3_32b,a100_sxm,qwen3_32b__a100_sxm__analytical__high,ANALYTICAL-high,Qwen/Qwen3-32B,4096,1024,0,192,1.757,1,1,1,192,192,1,865.463,98.276,101401.811,1.757,0.22,1799.373,224.922,10.175,2.08,1.91,8,4,1,1,1,1,tp4pp1dp1etp1ep1,bfloat16,bfloat16,bfloat16,bfloat16,half,20.556,sglang,0.5.10,a100_sxm,4,1,1,1,1,tp4pp1dp1etp1ep1,bfloat16,bfloat16,bfloat16,bfloat16,half,79.94,sglang,0.5.10,a100_sxm,0.0,224.922
qwen3_32b,a100_sxm,qwen3_32b__a100_sxm__analytical__low,ANALYTICAL-low,Qwen/Qwen3-32B,4096,1024,0,136,2.674,1,1,1,136,136,1,605.804,44.473,46101.683,2.674,0.334,2738.074,342.259,22.486,2.971,2.989,8,4,1,1,1,1,tp4pp1dp1etp1ep1,bfloat16,bfloat16,bfloat16,bfloat16,half,20.556,sglang,0.5.10,a100_sxm,4,1,1,1,1,tp4pp1dp1etp1ep1,bfloat16,bfloat16,bfloat16,bfloat16,half,62.44,sglang,0.5.10,a100_sxm,0.0,342.259
qwen3_32b,a100_sxm,qwen3_32b__a100_sxm__analytical__standard,ANALYTICAL-standard,Qwen/Qwen3-32B,4096,1024,0,184,2.373,1,1,1,184,184,1,682.623,69.502,71783.169,2.373,0.297,2430.259,303.782,14.388,2.637,2.588,8,4,1,1,1,1,tp4pp1dp1etp1ep1,bfloat16,bfloat16,bfloat16,bfloat16,half,20.556,sglang,0.5.10,a100_sxm,4,1,1,1,1,tp4pp1dp1etp1ep1,bfloat16,bfloat16,bfloat16,bfloat16,half,77.44,sglang,0.5.10,a100_sxm,0.0,303.782
qwen3_32b,a100_sxm,qwen3_32b__a100_sxm__silicon,SILICON,Qwen/Qwen3-32B,4096,1024,0,192,2.158,1,1,1,192,192,1,693.551,80.007,82540.712,2.158,0.27,2210.12,276.265,12.499,2.595,2.346,8,4,1,1,1,1,tp4pp1dp1etp1ep1,bfloat16,bfloat16,bfloat16,bfloat16,half,20.556,sglang,0.5.10,a100_sxm,4,1,1,1,1,tp4pp1dp1etp1ep1,bfloat16,bfloat16,bfloat16,bfloat16,half,79.94,sglang,0.5.10,a100_sxm,0.0,276.265
qwen3_32b,b200_sxm,qwen3_32b__b200_sxm__analytical__high,ANALYTICAL-high,Qwen/Qwen3-32B,4096,1024,0,620,15.887,1,1,3,124,124,5,305.928,34.396,35493.036,15.887,0.993,16268.083,1016.755,29.073,5.884,3.524,16,2,1,1,1,1,tp2pp1dp1etp1ep1,bfloat16,bfloat16,bfloat16,bfloat16,half,36.157,sglang,0.5.10,b200_sxm,2,1,1,1,1,tp2pp1dp1etp1ep1,bfloat16,bfloat16,bfloat16,bfloat16,half,112.647,sglang,0.5.10,b200_sxm,0.0,1016.755
qwen3_32b,b200_sxm,qwen3_32b__b200_sxm__analytical__low,ANALYTICAL-low,Qwen/Qwen3-32B,4096,1024,0,1872,56.467,1,1,7,208,208,9,200.821,29.608,30489.805,56.467,1.765,57822.106,1806.941,33.774,8.963,6.867,32,2,1,1,1,1,tp2pp1dp1etp1ep1,bfloat16,bfloat16,bfloat16,bfloat16,half,36.157,sglang,0.5.10,b200_sxm,2,1,1,1,1,tp2pp1dp1etp1ep1,bfloat16,bfloat16,bfloat16,bfloat16,half,165.147,sglang,0.5.10,b200_sxm,0.0,1806.941
qwen3_32b,b200_sxm,qwen3_32b__b200_sxm__analytical__standard,ANALYTICAL-standard,Qwen/Qwen3-32B,4096,1024,0,472,10.745,1,1,1,472,472,1,141.352,39.507,40557.013,10.745,1.343,11002.552,1375.319,25.312,12.734,11.679,8,4,1,1,1,1,tp4pp1dp1etp1ep1,bfloat16,bfloat16,bfloat16,bfloat16,half,20.556,sglang,0.5.10,b200_sxm,4,1,1,1,1,tp4pp1dp1etp1ep1,bfloat16,bfloat16,bfloat16,bfloat16,half,167.44,sglang,0.5.10,b200_sxm,0.0,1375.319
qwen3_32b,b200_sxm,qwen3_32b__b200_sxm__silicon,SILICON,Qwen/Qwen3-32B,4096,1024,0,1672,49.853,1,1,13,88,88,19,410.252,30.165,31269.047,49.853,1.558,51049.431,1595.295,33.151,4.388,2.852,32,1,1,1,1,1,tp1pp1dp1etp1ep1,bfloat16,bfloat16,bfloat16,bfloat16,half,67.229,sglang,0.5.10,b200_sxm,1,1,1,1,1,tp1pp1dp1etp1ep1,bfloat16,bfloat16,bfloat16,bfloat16,half,175.324,sglang,0.5.10,b200_sxm,0.0,1595.295
qwen3_32b,b300_sxm,qwen3_32b__b300_sxm__analytical__high,ANALYTICAL-high,Qwen/Qwen3-32B,4096,1024,0,760,8.624,1,1,3,152,152,5,563.567,78.617,80988.758,8.624,1.078,8830.771,1103.846,12.72,3.194,1.89,8,1,1,1,1,1,tp1pp1dp1etp1ep1,bfloat16,bfloat16,bfloat16,bfloat16,half,67.229,sglang,0.5.10,b300_sxm,1,1,1,1,1,tp1pp1dp1etp1ep1,bfloat16,bfloat16,bfloat16,bfloat16,half,255.324,sglang,0.5.10,b300_sxm,0.0,1103.846
qwen3_32b,b300_sxm,qwen3_32b__b300_sxm__analytical__low,ANALYTICAL-low,Qwen/Qwen3-32B,4096,1024,0,3040,58.069,1,1,13,160,160,19,355.916,47.087,48525.917,58.069,1.815,59462.205,1858.194,21.237,5.057,3.322,32,1,1,1,1,1,tp1pp1dp1etp1ep1,bfloat16,bfloat16,bfloat16,bfloat16,half,67.229,sglang,0.5.10,b300_sxm,1,1,1,1,1,tp1pp1dp1etp1ep1,bfloat16,bfloat16,bfloat16,bfloat16,half,265.324,sglang,0.5.10,b300_sxm,0.0,1858.194
qwen3_32b,b300_sxm,qwen3_32b__b300_sxm__analytical__standard,ANALYTICAL-standard,Qwen/Qwen3-32B,4096,1024,0,3168,48.214,1,1,7,352,352,9,235.19,58.979,60570.707,48.214,1.507,49371.034,1542.845,16.955,7.653,5.834,32,2,1,1,1,1,tp2pp1dp1etp1ep1,bfloat16,bfloat16,bfloat16,bfloat16,half,36.157,sglang,0.5.10,b300_sxm,2,1,1,1,1,tp2pp1dp1etp1ep1,bfloat16,bfloat16,bfloat16,bfloat16,half,255.147,sglang,0.5.10,b300_sxm,0.0,1542.845
qwen3_32b,b300_sxm,qwen3_32b__b300_sxm__silicon,SILICON,Qwen/Qwen3-32B,4096,1024,0,1440,28.558,1,1,7,160,160,9,390.991,45.348,46781.995,28.558,1.785,29243.105,1827.694,22.052,4.604,3.449,16,1,1,1,1,1,tp1pp1dp1etp1ep1,bfloat16,bfloat16,bfloat16,bfloat16,half,67.229,sglang,0.5.10,b300_sxm,1,1,1,1,1,tp1pp1dp1etp1ep1,bfloat16,bfloat16,bfloat16,bfloat16,half,265.324,sglang,0.5.10,b300_sxm,0.0,1827.694
qwen3_32b,h100_sxm,qwen3_32b__h100_sxm__analytical__high,ANALYTICAL-high,Qwen/Qwen3-32B,4096,1024,0,800,14.251,1,1,3,160,160,5,341.021,48.941,50407.664,14.251,0.445,14592.614,456.019,20.433,5.278,3.196,32,4,1,1,1,1,tp4pp1dp1etp1ep1,bfloat16,bfloat16,bfloat16,bfloat16,half,20.556,sglang,0.5.10,h100_sxm,4,1,1,1,1,tp4pp1dp1etp1ep1,bfloat16,bfloat16,bfloat16,bfloat16,half,69.94,sglang,0.5.10,h100_sxm,0.0,456.019
qwen3_32b,h100_sxm,qwen3_32b__h100_sxm__analytical__low,ANALYTICAL-low,Qwen/Qwen3-32B,4096,1024,0,192,5.194,1,1,1,192,192,1,246.598,33.244,34255.21,5.194,0.649,5318.984,664.873,30.081,7.299,5.646,8,4,1,1,1,1,tp4pp1dp1etp1ep1,bfloat16,bfloat16,bfloat16,bfloat16,half,20.556,sglang,0.5.10,h100_sxm,4,1,1,1,1,tp4pp1dp1etp1ep1,bfloat16,bfloat16,bfloat16,bfloat16,half,79.94,sglang,0.5.10,h100_sxm,0.0,664.873
qwen3_32b,h100_sxm,qwen3_32b__h100_sxm__analytical__standard,ANALYTICAL-standard,Qwen/Qwen3-32B,4096,1024,0,748,17.649,1,1,5,68,68,11,458.935,37.71,39036.265,17.649,0.552,18072.576,564.768,26.518,3.922,1.763,32,2,1,1,1,1,tp2pp1dp1etp1ep1,bfloat16,bfloat16,bfloat16,bfloat16,half,36.157,sglang,0.5.10,h100_sxm,2,1,1,1,1,tp2pp1dp1etp1ep1,bfloat16,bfloat16,bfloat16,bfloat16,half,77.647,sglang,0.5.10,h100_sxm,0.0,564.768
qwen3_32b,h100_sxm,qwen3_32b__h100_sxm__silicon,SILICON,Qwen/Qwen3-32B,4096,1024,0,340,9.991,1,1,3,68,68,5,458.807,30.603,31765.676,9.991,0.624,10230.989,639.437,32.676,3.923,2.172,16,2,1,1,1,1,tp2pp1dp1etp1ep1,bfloat16,bfloat16,bfloat16,bfloat16,half,36.157,sglang,0.5.10,h100_sxm,2,1,1,1,1,tp2pp1dp1etp1ep1,bfloat16,bfloat16,bfloat16,bfloat16,half,77.647,sglang,0.5.10,h100_sxm,0.0,639.437
qwen3_32b,h200_sxm,qwen3_32b__h200_sxm__analytical__high,ANALYTICAL-high,Qwen/Qwen3-32B,4096,1024,0,384,4.546,1,1,1,384,384,1,322.303,75.965,78034.498,4.546,0.568,4654.817,581.852,13.164,5.585,4.941,8,4,1,1,1,1,tp4pp1dp1etp1ep1,bfloat16,bfloat16,bfloat16,bfloat16,half,20.556,sglang,0.5.10,h200_sxm,4,1,1,1,1,tp4pp1dp1etp1ep1,bfloat16,bfloat16,bfloat16,bfloat16,half,139.94,sglang,0.5.10,h200_sxm,0.0,581.852
qwen3_32b,h200_sxm,qwen3_32b__h200_sxm__analytical__low,ANALYTICAL-low,Qwen/Qwen3-32B,4096,1024,0,1152,29.755,1,1,7,128,128,9,381.091,34.237,35405.542,29.755,0.93,30469.018,952.157,29.208,4.723,3.655,32,2,1,1,1,1,tp2pp1dp1etp1ep1,bfloat16,bfloat16,bfloat16,bfloat16,half,36.157,sglang,0.5.10,h200_sxm,2,1,1,1,1,tp2pp1dp1etp1ep1,bfloat16,bfloat16,bfloat16,bfloat16,half,115.147,sglang,0.5.10,h200_sxm,0.0,952.157
qwen3_32b,h200_sxm,qwen3_32b__h200_sxm__analytical__standard,ANALYTICAL-standard,Qwen/Qwen3-32B,4096,1024,0,1512,25.991,1,1,7,168,168,9,433.944,52.317,53954.235,25.991,0.812,26614.702,831.709,19.114,4.148,3.139,32,2,1,1,1,1,tp2pp1dp1etp1ep1,bfloat16,bfloat16,bfloat16,bfloat16,half,36.157,sglang,0.5.10,h200_sxm,2,1,1,1,1,tp2pp1dp1etp1ep1,bfloat16,bfloat16,bfloat16,bfloat16,half,140.147,sglang,0.5.10,h200_sxm,0.0,831.709
qwen3_32b,h200_sxm,qwen3_32b__h200_sxm__silicon,SILICON,Qwen/Qwen3-32B,4096,1024,0,136,3.469,1,1,1,136,136,1,467.01,34.584,35846.442,3.469,0.867,3551.846,887.962,28.915,3.854,3.844,4,2,1,1,1,1,tp2pp1dp1etp1ep1,bfloat16,bfloat16,bfloat16,bfloat16,half,36.157,sglang,0.5.10,h200_sxm,2,1,1,1,1,tp2pp1dp1etp1ep1,bfloat16,bfloat16,bfloat16,bfloat16,half,120.147,sglang,0.5.10,h200_sxm,0.0,887.962
qwen3_32b,rtx_pro_6000_server,qwen3_32b__rtx_pro_6000_server__analytical__high,ANALYTICAL-high,Qwen/Qwen3-32B,4096,1024,0,480,3.616,1,1,3,96,96,5,1317.492,119.354,123416.634,3.616,0.226,3702.374,231.398,8.378,1.366,0.786,16,2,1,1,1,1,tp2pp1dp1etp1ep1,bfloat16,bfloat16,bfloat16,bfloat16,half,36.157,sglang,0.5.10,rtx_pro_6000_server,2,1,1,1,1,tp2pp1dp1etp1ep1,bfloat16,bfloat16,bfloat16,bfloat16,half,95.147,sglang,0.5.10,rtx_pro_6000_server,0.0,231.398
qwen3_32b,rtx_pro_6000_server,qwen3_32b__rtx_pro_6000_server__analytical__low,ANALYTICAL-low,Qwen/Qwen3-32B,4096,1024,0,320,5.081,1,1,3,64,64,5,956.651,54.595,56807.336,5.081,0.318,5203.354,325.21,18.317,1.882,1.146,16,2,1,1,1,1,tp2pp1dp1etp1ep1,bfloat16,bfloat16,bfloat16,bfloat16,half,36.157,sglang,0.5.10,rtx_pro_6000_server,2,1,1,1,1,tp2pp1dp1etp1ep1,bfloat16,bfloat16,bfloat16,bfloat16,half,75.147,sglang,0.5.10,rtx_pro_6000_server,0.0,325.21
qwen3_32b,rtx_pro_6000_server,qwen3_32b__rtx_pro_6000_server__analytical__standard,ANALYTICAL-standard,Qwen/Qwen3-32B,4096,1024,0,400,4.563,1,1,3,80,80,5,1065.092,77.727,80579.813,4.563,0.285,4672.512,292.032,12.866,1.69,1.006,16,2,1,1,1,1,tp2pp1dp1etp1ep1,bfloat16,bfloat16,bfloat16,bfloat16,half,36.157,sglang,0.5.10,rtx_pro_6000_server,2,1,1,1,1,tp2pp1dp1etp1ep1,bfloat16,bfloat16,bfloat16,bfloat16,half,85.147,sglang,0.5.10,rtx_pro_6000_server,0.0,292.032
qwen3_32b,rtx_pro_6000_server,qwen3_32b__rtx_pro_6000_server__silicon,SILICON,Qwen/Qwen3-32B,4096,1024,0,576,7.384,1,1,7,64,64,9,1535.828,68.489,71600.075,7.384,0.231,7560.806,236.275,14.601,1.172,0.913,32,2,1,1,1,1,tp2pp1dp1etp1ep1,bfloat16,bfloat16,bfloat16,bfloat16,half,36.157,sglang,0.5.10,rtx_pro_6000_server,2,1,1,1,1,tp2pp1dp1etp1ep1,bfloat16,bfloat16,bfloat16,bfloat16,half,75.147,sglang,0.5.10,rtx_pro_6000_server,0.0,236.275
