scope,model_key,system,mode,bottleneck,points
returned,deepseek_v3,a100_sxm,ANALYTICAL,decode,34
returned,deepseek_v3,a100_sxm,ANALYTICAL,prefill,15
returned,deepseek_v3,a100_sxm,EMPIRICAL,decode,45
returned,deepseek_v3,a100_sxm,EMPIRICAL,prefill,6
returned,deepseek_v3,b200_sxm,ANALYTICAL,decode,77
returned,deepseek_v3,b200_sxm,ANALYTICAL,prefill,31
returned,deepseek_v3,b200_sxm,EMPIRICAL,decode,78
returned,deepseek_v3,b200_sxm,EMPIRICAL,prefill,14
returned,deepseek_v3,b200_sxm,SILICON,decode,88
returned,deepseek_v3,b200_sxm,SILICON,prefill,30
returned,deepseek_v3,b300_sxm,ANALYTICAL,decode,97
returned,deepseek_v3,b300_sxm,ANALYTICAL,prefill,39
returned,deepseek_v3,b300_sxm,EMPIRICAL,decode,68
returned,deepseek_v3,b300_sxm,EMPIRICAL,prefill,38
returned,deepseek_v3,b300_sxm,SILICON,decode,119
returned,deepseek_v3,b300_sxm,SILICON,prefill,43
returned,deepseek_v3,h100_sxm,ANALYTICAL,decode,37
returned,deepseek_v3,h100_sxm,ANALYTICAL,prefill,8
returned,deepseek_v3,h100_sxm,EMPIRICAL,decode,45
returned,deepseek_v3,h100_sxm,EMPIRICAL,prefill,6
returned,deepseek_v3,h100_sxm,SILICON,decode,62
returned,deepseek_v3,h200_sxm,ANALYTICAL,decode,69
returned,deepseek_v3,h200_sxm,ANALYTICAL,prefill,21
returned,deepseek_v3,h200_sxm,EMPIRICAL,decode,60
returned,deepseek_v3,h200_sxm,EMPIRICAL,prefill,13
returned,deepseek_v3,h200_sxm,SILICON,decode,81
returned,deepseek_v3,h200_sxm,SILICON,prefill,25
returned,deepseek_v3,rtx_pro_6000_server,ANALYTICAL,decode,48
returned,deepseek_v3,rtx_pro_6000_server,EMPIRICAL,decode,51
returned,llama31_70b,a100_sxm,ANALYTICAL,decode,20
returned,llama31_70b,a100_sxm,ANALYTICAL,prefill,14
returned,llama31_70b,a100_sxm,EMPIRICAL,decode,21
returned,llama31_70b,a100_sxm,EMPIRICAL,prefill,6
returned,llama31_70b,a100_sxm,SILICON,decode,16
returned,llama31_70b,a100_sxm,SILICON,prefill,14
returned,llama31_70b,b200_sxm,ANALYTICAL,decode,26
returned,llama31_70b,b200_sxm,ANALYTICAL,prefill,24
returned,llama31_70b,b200_sxm,EMPIRICAL,decode,33
returned,llama31_70b,b200_sxm,EMPIRICAL,prefill,17
returned,llama31_70b,b200_sxm,SILICON,decode,21
returned,llama31_70b,b200_sxm,SILICON,prefill,23
returned,llama31_70b,b300_sxm,ANALYTICAL,decode,31
returned,llama31_70b,b300_sxm,ANALYTICAL,prefill,31
returned,llama31_70b,b300_sxm,EMPIRICAL,decode,25
returned,llama31_70b,b300_sxm,EMPIRICAL,prefill,32
returned,llama31_70b,b300_sxm,SILICON,decode,29
returned,llama31_70b,b300_sxm,SILICON,prefill,24
returned,llama31_70b,h100_sxm,ANALYTICAL,decode,15
returned,llama31_70b,h100_sxm,ANALYTICAL,prefill,11
returned,llama31_70b,h100_sxm,EMPIRICAL,decode,16
returned,llama31_70b,h100_sxm,EMPIRICAL,prefill,12
returned,llama31_70b,h100_sxm,SILICON,decode,16
returned,llama31_70b,h100_sxm,SILICON,prefill,8
returned,llama31_70b,h200_sxm,ANALYTICAL,decode,26
returned,llama31_70b,h200_sxm,ANALYTICAL,prefill,21
returned,llama31_70b,h200_sxm,EMPIRICAL,decode,30
returned,llama31_70b,h200_sxm,EMPIRICAL,prefill,13
returned,llama31_70b,h200_sxm,SILICON,decode,23
returned,llama31_70b,h200_sxm,SILICON,prefill,15
returned,llama31_70b,rtx_pro_6000_server,ANALYTICAL,decode,29
returned,llama31_70b,rtx_pro_6000_server,ANALYTICAL,prefill,24
returned,llama31_70b,rtx_pro_6000_server,EMPIRICAL,decode,18
returned,llama31_70b,rtx_pro_6000_server,EMPIRICAL,prefill,27
returned,llama31_70b,rtx_pro_6000_server,SILICON,decode,30
returned,llama31_70b,rtx_pro_6000_server,SILICON,prefill,25
returned,qwen3_32b,a100_sxm,ANALYTICAL,decode,30
returned,qwen3_32b,a100_sxm,ANALYTICAL,prefill,25
returned,qwen3_32b,a100_sxm,EMPIRICAL,decode,20
returned,qwen3_32b,a100_sxm,EMPIRICAL,prefill,30
returned,qwen3_32b,a100_sxm,SILICON,decode,33
returned,qwen3_32b,a100_sxm,SILICON,prefill,19
returned,qwen3_32b,b200_sxm,ANALYTICAL,decode,45
returned,qwen3_32b,b200_sxm,ANALYTICAL,prefill,22
returned,qwen3_32b,b200_sxm,EMPIRICAL,decode,38
returned,qwen3_32b,b200_sxm,EMPIRICAL,prefill,26
returned,qwen3_32b,b200_sxm,SILICON,decode,35
returned,qwen3_32b,b200_sxm,SILICON,prefill,24
returned,qwen3_32b,b300_sxm,ANALYTICAL,decode,46
returned,qwen3_32b,b300_sxm,ANALYTICAL,prefill,28
returned,qwen3_32b,b300_sxm,EMPIRICAL,decode,45
returned,qwen3_32b,b300_sxm,EMPIRICAL,prefill,27
returned,qwen3_32b,b300_sxm,SILICON,decode,42
returned,qwen3_32b,b300_sxm,SILICON,prefill,25
returned,qwen3_32b,h100_sxm,ANALYTICAL,decode,37
returned,qwen3_32b,h100_sxm,ANALYTICAL,prefill,12
returned,qwen3_32b,h100_sxm,EMPIRICAL,decode,31
returned,qwen3_32b,h100_sxm,EMPIRICAL,prefill,18
returned,qwen3_32b,h100_sxm,SILICON,decode,30
returned,qwen3_32b,h100_sxm,SILICON,prefill,12
returned,qwen3_32b,h200_sxm,ANALYTICAL,decode,41
returned,qwen3_32b,h200_sxm,ANALYTICAL,prefill,23
returned,qwen3_32b,h200_sxm,EMPIRICAL,decode,26
returned,qwen3_32b,h200_sxm,EMPIRICAL,prefill,36
returned,qwen3_32b,h200_sxm,SILICON,decode,22
returned,qwen3_32b,h200_sxm,SILICON,prefill,29
returned,qwen3_32b,rtx_pro_6000_server,ANALYTICAL,decode,49
returned,qwen3_32b,rtx_pro_6000_server,ANALYTICAL,prefill,26
returned,qwen3_32b,rtx_pro_6000_server,EMPIRICAL,decode,47
returned,qwen3_32b,rtx_pro_6000_server,EMPIRICAL,prefill,22
returned,qwen3_32b,rtx_pro_6000_server,SILICON,decode,29
returned,qwen3_32b,rtx_pro_6000_server,SILICON,prefill,45
frontier,deepseek_v3,a100_sxm,ANALYTICAL,decode,6
frontier,deepseek_v3,a100_sxm,ANALYTICAL,prefill,1
frontier,deepseek_v3,a100_sxm,EMPIRICAL,decode,8
frontier,deepseek_v3,a100_sxm,EMPIRICAL,prefill,1
frontier,deepseek_v3,b200_sxm,ANALYTICAL,decode,18
frontier,deepseek_v3,b200_sxm,ANALYTICAL,prefill,3
frontier,deepseek_v3,b200_sxm,EMPIRICAL,decode,19
frontier,deepseek_v3,b200_sxm,EMPIRICAL,prefill,1
frontier,deepseek_v3,b200_sxm,SILICON,decode,15
frontier,deepseek_v3,b200_sxm,SILICON,prefill,2
frontier,deepseek_v3,b300_sxm,ANALYTICAL,decode,21
frontier,deepseek_v3,b300_sxm,ANALYTICAL,prefill,3
frontier,deepseek_v3,b300_sxm,EMPIRICAL,decode,21
frontier,deepseek_v3,b300_sxm,EMPIRICAL,prefill,2
frontier,deepseek_v3,b300_sxm,SILICON,decode,25
frontier,deepseek_v3,b300_sxm,SILICON,prefill,3
frontier,deepseek_v3,h100_sxm,ANALYTICAL,decode,11
frontier,deepseek_v3,h100_sxm,ANALYTICAL,prefill,1
frontier,deepseek_v3,h100_sxm,EMPIRICAL,decode,13
frontier,deepseek_v3,h100_sxm,EMPIRICAL,prefill,1
frontier,deepseek_v3,h100_sxm,SILICON,decode,21
frontier,deepseek_v3,h200_sxm,ANALYTICAL,decode,17
frontier,deepseek_v3,h200_sxm,ANALYTICAL,prefill,2
frontier,deepseek_v3,h200_sxm,EMPIRICAL,decode,15
frontier,deepseek_v3,h200_sxm,EMPIRICAL,prefill,2
frontier,deepseek_v3,h200_sxm,SILICON,decode,24
frontier,deepseek_v3,h200_sxm,SILICON,prefill,2
frontier,deepseek_v3,rtx_pro_6000_server,ANALYTICAL,decode,12
frontier,deepseek_v3,rtx_pro_6000_server,EMPIRICAL,decode,12
frontier,llama31_70b,a100_sxm,ANALYTICAL,decode,7
frontier,llama31_70b,a100_sxm,ANALYTICAL,prefill,3
frontier,llama31_70b,a100_sxm,EMPIRICAL,decode,7
frontier,llama31_70b,a100_sxm,EMPIRICAL,prefill,3
frontier,llama31_70b,a100_sxm,SILICON,decode,6
frontier,llama31_70b,a100_sxm,SILICON,prefill,3
frontier,llama31_70b,b200_sxm,ANALYTICAL,decode,8
frontier,llama31_70b,b200_sxm,ANALYTICAL,prefill,3
frontier,llama31_70b,b200_sxm,EMPIRICAL,decode,9
frontier,llama31_70b,b200_sxm,EMPIRICAL,prefill,3
frontier,llama31_70b,b200_sxm,SILICON,decode,9
frontier,llama31_70b,b200_sxm,SILICON,prefill,4
frontier,llama31_70b,b300_sxm,ANALYTICAL,decode,12
frontier,llama31_70b,b300_sxm,ANALYTICAL,prefill,3
frontier,llama31_70b,b300_sxm,EMPIRICAL,decode,6
frontier,llama31_70b,b300_sxm,EMPIRICAL,prefill,5
frontier,llama31_70b,b300_sxm,SILICON,decode,10
frontier,llama31_70b,b300_sxm,SILICON,prefill,5
frontier,llama31_70b,h100_sxm,ANALYTICAL,decode,7
frontier,llama31_70b,h100_sxm,ANALYTICAL,prefill,2
frontier,llama31_70b,h100_sxm,EMPIRICAL,decode,9
frontier,llama31_70b,h100_sxm,EMPIRICAL,prefill,2
frontier,llama31_70b,h100_sxm,SILICON,decode,7
frontier,llama31_70b,h100_sxm,SILICON,prefill,2
frontier,llama31_70b,h200_sxm,ANALYTICAL,decode,9
frontier,llama31_70b,h200_sxm,ANALYTICAL,prefill,4
frontier,llama31_70b,h200_sxm,EMPIRICAL,decode,12
frontier,llama31_70b,h200_sxm,EMPIRICAL,prefill,1
frontier,llama31_70b,h200_sxm,SILICON,decode,11
frontier,llama31_70b,h200_sxm,SILICON,prefill,5
frontier,llama31_70b,rtx_pro_6000_server,ANALYTICAL,decode,7
frontier,llama31_70b,rtx_pro_6000_server,ANALYTICAL,prefill,4
frontier,llama31_70b,rtx_pro_6000_server,EMPIRICAL,decode,9
frontier,llama31_70b,rtx_pro_6000_server,EMPIRICAL,prefill,4
frontier,llama31_70b,rtx_pro_6000_server,SILICON,decode,6
frontier,llama31_70b,rtx_pro_6000_server,SILICON,prefill,4
frontier,qwen3_32b,a100_sxm,ANALYTICAL,decode,13
frontier,qwen3_32b,a100_sxm,ANALYTICAL,prefill,4
frontier,qwen3_32b,a100_sxm,EMPIRICAL,decode,6
frontier,qwen3_32b,a100_sxm,EMPIRICAL,prefill,3
frontier,qwen3_32b,a100_sxm,SILICON,decode,13
frontier,qwen3_32b,a100_sxm,SILICON,prefill,3
frontier,qwen3_32b,b200_sxm,ANALYTICAL,decode,17
frontier,qwen3_32b,b200_sxm,ANALYTICAL,prefill,5
frontier,qwen3_32b,b200_sxm,EMPIRICAL,decode,16
frontier,qwen3_32b,b200_sxm,EMPIRICAL,prefill,4
frontier,qwen3_32b,b200_sxm,SILICON,decode,13
frontier,qwen3_32b,b200_sxm,SILICON,prefill,6
frontier,qwen3_32b,b300_sxm,ANALYTICAL,decode,12
frontier,qwen3_32b,b300_sxm,ANALYTICAL,prefill,6
frontier,qwen3_32b,b300_sxm,EMPIRICAL,decode,16
frontier,qwen3_32b,b300_sxm,EMPIRICAL,prefill,4
frontier,qwen3_32b,b300_sxm,SILICON,decode,14
frontier,qwen3_32b,b300_sxm,SILICON,prefill,5
frontier,qwen3_32b,h100_sxm,ANALYTICAL,decode,12
frontier,qwen3_32b,h100_sxm,ANALYTICAL,prefill,3
frontier,qwen3_32b,h100_sxm,EMPIRICAL,decode,15
frontier,qwen3_32b,h100_sxm,EMPIRICAL,prefill,2
frontier,qwen3_32b,h100_sxm,SILICON,decode,14
frontier,qwen3_32b,h100_sxm,SILICON,prefill,5
frontier,qwen3_32b,h200_sxm,ANALYTICAL,decode,18
frontier,qwen3_32b,h200_sxm,ANALYTICAL,prefill,5
frontier,qwen3_32b,h200_sxm,EMPIRICAL,decode,11
frontier,qwen3_32b,h200_sxm,EMPIRICAL,prefill,3
frontier,qwen3_32b,h200_sxm,SILICON,decode,9
frontier,qwen3_32b,h200_sxm,SILICON,prefill,7
frontier,qwen3_32b,rtx_pro_6000_server,ANALYTICAL,decode,18
frontier,qwen3_32b,rtx_pro_6000_server,ANALYTICAL,prefill,5
frontier,qwen3_32b,rtx_pro_6000_server,EMPIRICAL,decode,10
frontier,qwen3_32b,rtx_pro_6000_server,EMPIRICAL,prefill,3
frontier,qwen3_32b,rtx_pro_6000_server,SILICON,decode,8
frontier,qwen3_32b,rtx_pro_6000_server,SILICON,prefill,8
