tag,aic_model,op_name,op_order,latency_ms,source,batch_size,kv_len,s,tp_size,num_heads,x_tokens,gemm_quant_mode,bmm_quant_mode,kvcache_quant_mode
decode_b1p512_cg_on,DeepSeekModel_fallback,generation_downscale_gemm,1,0.01984755316515154,silicon,1,512,513,1,128,1,fp8_block,fp8,fp8
decode_b1p512_cg_on,DeepSeekModel_fallback,generation_q_b_proj_gemm,2,0.018524234980539556,silicon,1,512,513,1,128,1,fp8_block,fp8,fp8
decode_b1p512_cg_on,DeepSeekModel_fallback,generation_bmm_pre,3,0.009151999652385712,silicon,1,512,513,1,128,1,fp8_block,fp8,fp8
decode_b1p512_cg_on,DeepSeekModel_fallback,generation_attention,4,0.025621421745745464,silicon,1,512,513,1,128,1,fp8_block,fp8,fp8
decode_b1p512_cg_on,DeepSeekModel_fallback,generation_bmm_post,5,0.008848000317811966,silicon,1,512,513,1,128,1,fp8_block,fp8,fp8
decode_b1p512_cg_on,DeepSeekModel_fallback,generation_proj_gemm,6,0.024912888805071514,silicon,1,512,513,1,128,1,fp8_block,fp8,fp8
decode_b4p512_cg_on,DeepSeekModel_fallback,generation_downscale_gemm,1,0.016420756338911404,silicon,4,512,513,1,128,4,fp8_block,fp8,fp8
decode_b4p512_cg_on,DeepSeekModel_fallback,generation_q_b_proj_gemm,2,0.01981892840924606,silicon,4,512,513,1,128,4,fp8_block,fp8,fp8
decode_b4p512_cg_on,DeepSeekModel_fallback,generation_bmm_pre,3,0.009644799679517747,silicon,4,512,513,1,128,4,fp8_block,fp8,fp8
decode_b4p512_cg_on,DeepSeekModel_fallback,generation_attention,4,0.029072477394947782,silicon,4,512,513,1,128,4,fp8_block,fp8,fp8
decode_b4p512_cg_on,DeepSeekModel_fallback,generation_bmm_post,5,0.009667199850082398,silicon,4,512,513,1,128,4,fp8_block,fp8,fp8
decode_b4p512_cg_on,DeepSeekModel_fallback,generation_proj_gemm,6,0.024686222275098164,silicon,4,512,513,1,128,4,fp8_block,fp8,fp8
decode_b32p512_cg_on,DeepSeekModel_fallback,generation_downscale_gemm,1,0.013539231671417188,silicon,32,512,513,1,128,32,fp8_block,fp8,fp8
decode_b32p512_cg_on,DeepSeekModel_fallback,generation_q_b_proj_gemm,2,0.019430902074365056,silicon,32,512,513,1,128,32,fp8_block,fp8,fp8
decode_b32p512_cg_on,DeepSeekModel_fallback,generation_bmm_pre,3,0.015324799716472626,silicon,32,512,513,1,128,32,fp8_block,fp8,fp8
decode_b32p512_cg_on,DeepSeekModel_fallback,generation_attention,4,0.07201384390937164,silicon,32,512,513,1,128,32,fp8_block,fp8,fp8
decode_b32p512_cg_on,DeepSeekModel_fallback,generation_bmm_post,5,0.015337599813938141,silicon,32,512,513,1,128,32,fp8_block,fp8,fp8
decode_b32p512_cg_on,DeepSeekModel_fallback,generation_proj_gemm,6,0.024559110403060913,silicon,32,512,513,1,128,32,fp8_block,fp8,fp8
decode_b4p2048_cg_on,DeepSeekModel_fallback,generation_downscale_gemm,1,0.016420756338911404,silicon,4,2048,2049,1,128,4,fp8_block,fp8,fp8
decode_b4p2048_cg_on,DeepSeekModel_fallback,generation_q_b_proj_gemm,2,0.01981892840924606,silicon,4,2048,2049,1,128,4,fp8_block,fp8,fp8
decode_b4p2048_cg_on,DeepSeekModel_fallback,generation_bmm_pre,3,0.009644799679517747,silicon,4,2048,2049,1,128,4,fp8_block,fp8,fp8
decode_b4p2048_cg_on,DeepSeekModel_fallback,generation_attention,4,0.04444572587526636,silicon,4,2048,2049,1,128,4,fp8_block,fp8,fp8
decode_b4p2048_cg_on,DeepSeekModel_fallback,generation_bmm_post,5,0.009667199850082398,silicon,4,2048,2049,1,128,4,fp8_block,fp8,fp8
decode_b4p2048_cg_on,DeepSeekModel_fallback,generation_proj_gemm,6,0.024686222275098164,silicon,4,2048,2049,1,128,4,fp8_block,fp8,fp8
decode_b16p2048_cg_on,DeepSeekModel_fallback,generation_downscale_gemm,1,0.012792711337544525,silicon,16,2048,2049,1,128,16,fp8_block,fp8,fp8
decode_b16p2048_cg_on,DeepSeekModel_fallback,generation_q_b_proj_gemm,2,0.01959696694526797,silicon,16,2048,2049,1,128,16,fp8_block,fp8,fp8
decode_b16p2048_cg_on,DeepSeekModel_fallback,generation_bmm_pre,3,0.011667200177907944,silicon,16,2048,2049,1,128,16,fp8_block,fp8,fp8
decode_b16p2048_cg_on,DeepSeekModel_fallback,generation_attention,4,0.10641641518450343,silicon,16,2048,2049,1,128,16,fp8_block,fp8,fp8
decode_b16p2048_cg_on,DeepSeekModel_fallback,generation_bmm_post,5,0.011846400052309036,silicon,16,2048,2049,1,128,16,fp8_block,fp8,fp8
decode_b16p2048_cg_on,DeepSeekModel_fallback,generation_proj_gemm,6,0.024339555038346186,silicon,16,2048,2049,1,128,16,fp8_block,fp8,fp8
decode_b4p4096_cg_on,DeepSeekModel_fallback,generation_downscale_gemm,1,0.016420756338911404,silicon,4,4096,4097,1,128,4,fp8_block,fp8,fp8
decode_b4p4096_cg_on,DeepSeekModel_fallback,generation_q_b_proj_gemm,2,0.01981892840924606,silicon,4,4096,4097,1,128,4,fp8_block,fp8,fp8
decode_b4p4096_cg_on,DeepSeekModel_fallback,generation_bmm_pre,3,0.009644799679517747,silicon,4,4096,4097,1,128,4,fp8_block,fp8,fp8
decode_b4p4096_cg_on,DeepSeekModel_fallback,generation_attention,4,0.0660012110020034,silicon,4,4096,4097,1,128,4,fp8_block,fp8,fp8
decode_b4p4096_cg_on,DeepSeekModel_fallback,generation_bmm_post,5,0.009667199850082398,silicon,4,4096,4097,1,128,4,fp8_block,fp8,fp8
decode_b4p4096_cg_on,DeepSeekModel_fallback,generation_proj_gemm,6,0.024686222275098164,silicon,4,4096,4097,1,128,4,fp8_block,fp8,fp8
decode_b8p4096_cg_on,DeepSeekModel_fallback,generation_downscale_gemm,1,0.012985891592101177,silicon,8,4096,4097,1,128,8,fp8_block,fp8,fp8
decode_b8p4096_cg_on,DeepSeekModel_fallback,generation_q_b_proj_gemm,2,0.02166415702283772,silicon,8,4096,4097,1,128,8,fp8_block,fp8,fp8
decode_b8p4096_cg_on,DeepSeekModel_fallback,generation_bmm_pre,3,0.010329599678516387,silicon,8,4096,4097,1,128,8,fp8_block,fp8,fp8
decode_b8p4096_cg_on,DeepSeekModel_fallback,generation_attention,4,0.1044897409126861,silicon,8,4096,4097,1,128,8,fp8_block,fp8,fp8
decode_b8p4096_cg_on,DeepSeekModel_fallback,generation_bmm_post,5,0.010147199779748917,silicon,8,4096,4097,1,128,8,fp8_block,fp8,fp8
decode_b8p4096_cg_on,DeepSeekModel_fallback,generation_proj_gemm,6,0.02404088940885332,silicon,8,4096,4097,1,128,8,fp8_block,fp8,fp8
decode_b4p8192_cg_on,DeepSeekModel_fallback,generation_downscale_gemm,1,0.016420756338911404,silicon,4,8192,8193,1,128,4,fp8_block,fp8,fp8
decode_b4p8192_cg_on,DeepSeekModel_fallback,generation_q_b_proj_gemm,2,0.01981892840924606,silicon,4,8192,8193,1,128,4,fp8_block,fp8,fp8
decode_b4p8192_cg_on,DeepSeekModel_fallback,generation_bmm_pre,3,0.009644799679517747,silicon,4,8192,8193,1,128,4,fp8_block,fp8,fp8
decode_b4p8192_cg_on,DeepSeekModel_fallback,generation_attention,4,0.1037387394637335,silicon,4,8192,8193,1,128,4,fp8_block,fp8,fp8
decode_b4p8192_cg_on,DeepSeekModel_fallback,generation_bmm_post,5,0.009667199850082398,silicon,4,8192,8193,1,128,4,fp8_block,fp8,fp8
decode_b4p8192_cg_on,DeepSeekModel_fallback,generation_proj_gemm,6,0.024686222275098164,silicon,4,8192,8193,1,128,4,fp8_block,fp8,fp8
decode_b2p16384_cg_on,DeepSeekModel_fallback,generation_downscale_gemm,1,0.01695322932714086,silicon,2,16384,16385,1,128,2,fp8_block,fp8,fp8
decode_b2p16384_cg_on,DeepSeekModel_fallback,generation_q_b_proj_gemm,2,0.0188813598619567,silicon,2,16384,16385,1,128,2,fp8_block,fp8,fp8
decode_b2p16384_cg_on,DeepSeekModel_fallback,generation_bmm_pre,3,0.009440000355243682,silicon,2,16384,16385,1,128,2,fp8_block,fp8,fp8
decode_b2p16384_cg_on,DeepSeekModel_fallback,generation_attention,4,0.10485408038148306,silicon,2,16384,16385,1,128,2,fp8_block,fp8,fp8
decode_b2p16384_cg_on,DeepSeekModel_fallback,generation_bmm_post,5,0.00942080020904541,silicon,2,16384,16385,1,128,2,fp8_block,fp8,fp8
decode_b2p16384_cg_on,DeepSeekModel_fallback,generation_proj_gemm,6,0.023918223049905565,silicon,2,16384,16385,1,128,2,fp8_block,fp8,fp8
