tag,layer_sample_count,batch_size,fresh_len,prefix_len,total_seq_len,tp_size,real_kernel_envelope_mean_ms,real_kernel_envelope_median_ms,real_module_total_to_last_kernel_mean_ms,aic_deepseek_fallback_total_ms,aic_deepseek_fallback_gap_pct_vs_real_kernel_envelope,aic_wideep_total_ms,aic_wideep_gap_pct_vs_real_kernel_envelope,best_aic_model,best_aic_total_ms,best_aic_gap_pct_vs_real_kernel_envelope,rule_aic_model,rule_aic_total_ms,rule_aic_gap_pct_vs_real_kernel_envelope,rule_is_best
req1_equal_fresh_regular_b8_f1_p0,4,8,1,0,1,1,0.925648,0.919616,1.0596382500000001,0.15203013555133638,-83.57581547722933,0.7699858915921012,-16.81655536531153,WideEP module,0.7699858915921012,-16.81655536531153,WideEP module,0.7699858915921012,-16.81655536531153,True
req1_equal_fresh_irregular_b12_f300_p0,4,12,300,0,300,1,1.544744,1.54456,5.66207275,1.6174552060119491,4.707006857573115,1.6522682694061244,6.960652988852811,DeepSeek fallback,1.6174552060119491,4.707006857573115,WideEP module,1.6522682694061244,6.960652988852811,False
req1_equal_fresh_regular_b4_f512_p0,4,4,512,0,512,1,1.26063975,1.348288,2.30414425,0.9537726755236318,-24.34217027317822,1.077951095195906,-14.49174157836083,WideEP module,1.077951095195906,-14.49174157836083,WideEP module,1.077951095195906,-14.49174157836083,True
req1_equal_prefix_regular_b4_f512_p512,4,4,512,512,1024,1,1.76962325,1.7087355,2.77855925,1.2359175731933805,-30.159282593434476,1.374651095195906,-22.319561793963437,WideEP module,1.374651095195906,-22.319561793963437,DeepSeek fallback,1.2359175731933805,-30.159282593434476,False
req1_equal_fresh_irregular_b4_f1200_p0,4,4,1200,0,1200,1,2.151328,2.15096,11.52635475,2.3657730158132635,9.96802978501017,2.349359695920581,9.205090805334242,WideEP module,2.349359695920581,9.205090805334242,WideEP module,2.349359695920581,9.205090805334242,True
req1_equal_fresh_regular_b4_f2048_p0,4,4,2048,0,2048,1,3.791151,3.7858549999999997,21.2435215,4.1560339670068815,9.62459598699396,3.906639852712019,3.0462741450292747,WideEP module,3.906639852712019,3.0462741450292747,WideEP module,3.906639852712019,3.0462741450292747,True
req1_equal_prefix_regular_b4_f2048_p1024,4,4,2048,1024,3072,1,4.901022,4.887054,23.379653,5.377830895596522,9.728764645343798,6.328552041531468,29.12719105385505,DeepSeek fallback,5.377830895596522,9.728764645343798,DeepSeek fallback,5.377830895596522,9.728764645343798,True
req1_equal_fresh_regular_b2_f4096_p0,4,2,4096,0,4096,1,4.651991,4.624606999999999,22.84346675,4.921928284633835,5.802618376386267,4.765539852712019,2.4408657005574383,WideEP module,4.765539852712019,2.4408657005574383,WideEP module,4.765539852712019,2.4408657005574383,True
req1_large_prefix_regular_b8_f256_p4096,4,8,256,4096,4352,1,4.0842814999999995,4.083593499999999,12.0653655,4.078316188804336,-0.14605533912546628,2.477453500992864,-39.34175445564013,DeepSeek fallback,4.078316188804336,-0.14605533912546628,DeepSeek fallback,4.078316188804336,-0.14605533912546628,True
req1_equal_fresh_irregular_b1_f4500_p0,4,1,4500,0,4500,1,3.288368,3.211104,5.8448735,2.942345208204729,-10.522629821092748,2.9520845673672373,-10.226453749481895,WideEP module,2.9520845673672373,-10.226453749481895,WideEP module,2.9520845673672373,-10.226453749481895,True
req1_large_prefix_regular_b8_f512_p4096,4,8,512,4096,4608,1,5.593142,5.586246,20.0089125,6.037623423628575,7.946900393885486,5.019990936751757,-10.24738980787978,DeepSeek fallback,6.037623423628575,7.946900393885486,DeepSeek fallback,6.037623423628575,7.946900393885486,True
req1_equal_fresh_irregular_b1_f6000_p0,4,1,6000,0,6000,1,4.035871,4.035087000000001,11.47210325,4.2710618336907045,5.827511178893087,4.2086560481597886,4.281233175187917,WideEP module,4.2086560481597886,4.281233175187917,WideEP module,4.2086560481597886,4.281233175187917,True
req1_equal_fresh_regular_b1_f8192_p0,4,1,8192,0,8192,1,6.3212785,6.285902,23.592217,6.533003495205124,3.3494014732165946,6.639939852712019,5.041090227428189,DeepSeek fallback,6.533003495205124,3.3494014732165946,WideEP module,6.639939852712019,5.041090227428189,False
req1_equal_prefix_regular_b1_f8192_p0,4,1,8192,0,8192,1,6.3255665,6.2934705,19.8860435,6.533003495205124,3.2793425727976153,6.639939852712019,4.969884558355673,DeepSeek fallback,6.533003495205124,3.2793425727976153,WideEP module,6.639939852712019,4.969884558355673,False
req1_equal_prefix_regular_b2_f4096_p4096,4,2,4096,4096,8192,1,8.54713275,8.5135325,35.696995,8.945030721914975,4.655338621188205,10.04813985271202,17.561527901997543,DeepSeek fallback,8.945030721914975,4.655338621188205,DeepSeek fallback,8.945030721914975,4.655338621188205,True
req1_large_prefix_regular_b4_f512_p8192,4,4,512,8192,8704,1,4.8985275,4.8995435,13.94357575,4.887838581934569,-0.2182067583662809,3.4016772817257293,-30.55714637254299,DeepSeek fallback,4.887838581934569,-0.2182067583662809,DeepSeek fallback,4.887838581934569,-0.2182067583662809,True
req1_equal_prefix_regular_b1_f8192_p1024,4,1,8192,1024,9216,1,7.217614,7.175326,29.161167250000002,7.711500904814518,6.842800194281909,8.108467941788245,12.342776183212965,DeepSeek fallback,7.711500904814518,6.842800194281909,DeepSeek fallback,7.711500904814518,6.842800194281909,True
req1_large_prefix_regular_b4_f1024_p8192,4,4,1024,8192,9216,1,7.36458,7.365284,25.59897275,7.654981294198231,3.9432159634117796,6.883725455442965,-6.52928672859871,DeepSeek fallback,7.654981294198231,3.9432159634117796,DeepSeek fallback,7.654981294198231,3.9432159634117796,True
req1_equal_prefix_regular_b1_f8192_p4096,4,1,8192,4096,12288,1,9.91540625,9.827982500000001,39.5221465,10.072841271573084,1.587781857884887,11.251084857095112,13.470740113095331,DeepSeek fallback,10.072841271573084,1.587781857884887,DeepSeek fallback,10.072841271573084,1.587781857884887,True
req1_equal_prefix_regular_b1_f8192_p8192,4,1,8192,8192,16384,1,13.689903000000001,13.525919,53.73686425,13.59820474077484,-0.6698240245030326,15.491714852712018,13.161611537437606,DeepSeek fallback,13.59820474077484,-0.6698240245030326,DeepSeek fallback,13.59820474077484,-0.6698240245030326,True
req1_large_prefix_regular_b4_f1024_p16384,4,4,1024,16384,17408,1,13.17674725,13.194715,46.63525,13.31426468319634,1.0436371783357994,10.993711780799512,-16.567332041680384,DeepSeek fallback,13.31426468319634,1.0436371783357994,DeepSeek fallback,13.31426468319634,1.0436371783357994,True
req1_large_prefix_regular_b2_f2048_p16384,4,2,2048,16384,18432,1,10.96513625,10.880544,37.8836925,11.146956176927933,1.6581638639276606,10.348459781485186,-5.623974517551613,DeepSeek fallback,11.146956176927933,1.6581638639276606,DeepSeek fallback,11.146956176927933,1.6581638639276606,True
req1_equal_prefix_regular_b1_f8192_p10500,4,1,8192,10500,18692,1,15.80046625,15.643714,61.215736,15.793827511961215,-0.04201608948586851,17.96567322901708,13.70343725785359,DeepSeek fallback,15.793827511961215,-0.04201608948586851,DeepSeek fallback,15.793827511961215,-0.04201608948586851,True
req1_large_prefix_regular_b2_f2048_p32000,4,2,2048,32000,34048,1,20.57323475,20.5855385,70.852458,20.251443084779407,-1.5641277083108882,18.110003055128168,-11.972991728351484,DeepSeek fallback,20.251443084779407,-1.5641277083108882,DeepSeek fallback,20.251443084779407,-1.5641277083108882,True
req1_large_prefix_regular_b1_f4096_p32000,4,1,4096,32000,36096,1,18.04355525,18.205379,64.8668315,18.933043550768993,4.9296731627709125,19.974576643380733,10.702000612549636,DeepSeek fallback,18.933043550768993,4.9296731627709125,DeepSeek fallback,18.933043550768993,4.9296731627709125,True
req1_equal_prefix_regular_b1_f8192_p32000,4,1,8192,32000,40192,1,36.072379,36.115915,131.140598,37.94624889611158,5.194749966758718,42.25018531192563,17.126140507465916,DeepSeek fallback,37.94624889611158,5.194749966758718,DeepSeek fallback,37.94624889611158,5.194749966758718,True
